contents,date,day,month,related,title,year
Null Contents,00000000,00,00,"[""Null"",""Null""]",Null Title,0000
操盘攻略最新股市投资日历，密尔克卫7月4日申购。点击查看最新鲜的新股资讯新股申购表新股上会情况一览表新的一周(2018年7月2日2018年7月8日)重要数据主要集中在中国和美国，同时，全球多个主要经济体均将公布制造业PMI数据。此外，美联储将公布6月会议纪要，澳洲联储也将召开议息会议，一些主要央行官员将出席活动并发表讲话。刚刚公布的美国一季度GDP年化季率终值录得2%低于2.2%的前值和预期，另外，个人消费支出的表现录得近5年来最差水平。这显然与特朗普之前暗示的二季度GDP增速超过4%不相符。数据公布后，一度引发了市场对于美国税改红利和财政刺激政策难以抵消贸易摩擦负面因素的担忧，美指小幅下跌。本周，标普500指数累跌1.33%，道指累跌1.26%——连跌三周、为逾近两年来首次出现，纳指累跌2.37%。目前，美国股市见证了一波9年大牛市，离历史高点仅有几个百分点之遥。2018年上半年，标普500指数累涨1.67%，道指累跌1.81%，纳指累涨8.79%。但华尔街著名对冲基金经理鲍尔森(JimPaulsen)却提出质疑，告诫投资者需注意这两个危险迹象。目前全球系统重要性银行(GSIB)股价处于14个月低点，落入熊市区间，美国各项经济数据也不及预期；同时，越来越多领先市场的股票属于进取型、高beta值的股票，而标普500指数里的保守型股票数量已处于历史最低水平。鲍尔森警告称，美股目前的情况与互联网泡沫破裂、亚洲金融危机和俄罗斯经济崩溃前的1997年如出一辙。今年将有50%的可能出现15%的抛售。如果股市在未来某个时候跌破2月份的低点，届时被大量抛售的，可能正是这些所有投资者都持有的热门股票。由于美元指数自高位回落，金价得到提振，小幅收涨，结束了之前连续四日下跌的走势。黄金本周累跌1.3%，6月份累跌3.8%，2018年上半年累跌逾4%。原油市场方面，因利比亚原油供应继续受阻，贝克休斯石油钻井机数继续下降，国际油价本周录得四连涨。周五美油创2014年11月份以来收盘新高，2018年迄今累涨将近23%；布油创5月份以来收盘新高，向80美元大关发起冲击，上半年累涨18.8%。展望下周，全球将聚焦美联储将在周四(7月5日)公布会议记录，以及定于周五(7月6日)关公布的6月美国非农就业人数。分析师们将仔细研究美联储的措辞，以查看美联储主席鲍威尔是否像市场所认为的那样强硬，因为美联储今年暗示将再加息两次。凯透宏观分析师SimonaGambarini指出：“关注所使用的语言是否有变化，以及在今年剩下的时间里通胀和利率将表现如何，这将是一件很有趣的事情。如果有迹象表明美联储担心通胀，那将对金价有利。”全球央行方面，澳洲联储将公布新一期利率决议，目前市场广泛预期，澳洲联储将继续维持1.5%的现金利率不变。受全球贸易经济体之间贸易摩擦影响，澳洲联储料很难跟随美联储加息。中国数据方面，6月财新制造业PMI及服务业PMI将相继公布，中国财新制造业PMI仍处于荣枯线50上方，但从过去10个月的数据走势看，中国制造业扩张势头相对温和。本文仅供投资者参考，不构成投资建议。点击查看新股申购表上会表1分钟股票在线开户，使用一键打新，告别打新繁琐流程,20180701,01,07,"[]",最新股市投资日历：密尔克卫7月4日申购(附解禁股名单),2018
个税法自1980年出台以来迎来了第七次大修，近日《个人所得税法修正案(草案)》提请十三届全国人大常委会第三次会议审议。从已公布的税改草案看，不仅包括基本减除费用标准从每月3500元提高至每月5000元，更重要的是提出了很多有突破性的改革内容。此前5月国家统计局公布了全国各省平均工资，那么如果本次税改通过后，对各地企业和个人有多大影响？接受中国经济导报记者采访的业内人士表示，从全国来看，基本减除费用标准从每月3500元提高至每月5000元是合理的，也有称对于北上广深一线城市，以及东部一些发达省市，每月5000元还是偏低，建议提至1万元。个人少缴税，企业降税负贾总是吉林市一家中小民营企业负责人，“我们是一家智能水表企业，员工20人。这里起底工资1800元，最高工资4500元，从每月3500元调至每月5000元，对我们企业来说是极大的利好。对我们小企业来说，小规模企业税率10%。我们企业月均销售额40万元，原材料等成本24万元，雇佣了20名员工，月工资3500元以上就需要缴税的话，那么人工费以7万元来算，扣除原材料成本和人工费，最后剩下9万元需要纳税9000元。如果调至每人工资每月5000元的话，人工成本超过10万元部分才需要纳税，同样扣除原材料等剩下6万元需要纳税6000元，每月少缴税3000元，对我们这些做实业的中小企业来说，是极大的鼓励。”不过，也有企业表示，基本减除费用的标准每月5000元还是比预期低了一些。仁卅信息科技(上海)有限公司CEO宋孔尧告诉中国经济导报记者，“从每月3500元提高到每月5000元对我们来说，也没有太大的影响。上海工资高，生活成本也高，个税调整还是需要考虑地区差异，个人以为，应提高到8000元。”业内人士指出，从全国来看，基本减除费用标准从每月3500元提高至每月5000元是合理的。根据国家统计局5月中旬公布的数据，2017年全国城镇非私营单位就业人员年平均工资为74318元(月平均工资6193元)，城镇私营单位就业人员年平均工资为45761元(月平均工资3813元)。“1万元月薪按照现行累进税率计算，预计每月可省下150元。”梁先生目前是武汉光谷一家软件企业经理，他表示，“武汉的生活成本不高，人均工资在每月5000元到每月7000元左右，每月5000元的标准很不错。”“从每月3500元提高到每月5000元，提高幅度达到40%以上，改革力度较大，触及面广，凸显了公平合理的原则。”据西南财经大学经济与管理研究院院长甘犁测算，全国纳税总额将减少1720亿元。但税收减少只是暂时的，随着人民收入水平的提高，预计明年纳税总额即恢复到当前水平，纳税人口也将在几年后恢复至当前水平。综合征税取得大突破我国一直以来采用的分类所得税制虽然有计征简单的优点，但随着社会经济的快速发展，其难以全面衡量纳税人真实纳税能力的弊端日益明显，并且容易造成纳税人通过分散收入逃避税收，进而打击税收公平。根据税改草案说明，此次改革将4项劳动性所得(“工资、薪金所得”、“劳务报酬所得”、“稿酬所得”、“特许权使用费所得”)纳入综合征税范围。“这标志着在酝酿多年之后，个税在逐步建立综合与分类相结合的个人所得税制的道路上迈出重要的第一步。所得类型的综合简并主要体现在劳动性所得。综合所得税率级距调整，特别是较低档税率收入级距的扩大，将使以工资薪金为主要收入的纳税人切身感受到税负的降低，其中中低收入工薪族将成为最大的受益者。”普华永道个人所得税服务团队分析师朱锦华告诉中国经济导报记者。随着我国社会经济的快速发展，不同地区、不同家庭情况的纳税人的实际生活支出种类和水平出现很大差异，单一费用减除额(例如工资、薪金所得计税时每月3500元的扣除额)的局限性日益明显。“忽视纳税人个体差异，持续提高单一额度基本减除费用标准已无法助力税收公平。与此同时，综合和分类相结合的个税制度要求建立相应的以实际民生负担为基础的综合弹性扣除机制，以体现和促进税收公平。”朱锦华说。涉外税政变化受“走出去”企业关注朱锦华表示，此次税改草案说明传递的重磅信息之一——涉外税收政策的变化也非常值得关注。比如“183天”的居民/非居民判定标准的变化是否预示着对现行的涉外税收政策的全面修订，居民/非居民定义的明确是否意味着无住所个人在华停留满5年才负有全球纳税义务的规定也将有所变化等。“此外，这些变化也将影响企业的全球派遣安排政策及派遣成本。”值得注意的是，随着越来越多的中国企业“走出去”，赴境外工作的中国员工人数不断增加，实践中企业和个人往往面临着更高的个税成本。朱锦华认为，现行税法对于“走出去”个人税收的相关规定十分有限，从政策支持到征管流程都相对滞后。在后续的涉外税收政策完善过程中能否针对“走出去”企业和个人做出特别的安排，带来利好消息，也是很多企业关注的问题。,20180628,28,06,"[]",个税税制终突破 企业个人影响几何,2018
6月28日消息，财政部、税务总局日前下达通知，为助力经济高质量发展，2018年将对部分行业增值税期末留抵税额予以退还。先进制造业、研发等现代服务业和电网企业将受惠。先进制造业、现代服务业、电网企业受惠按照通知的划定，退还增值税期末留抵税额的行业包括装备制造等先进制造业、研发等现代服务业和电网企业。其中装备制造等先进制造业和研发等现代服务业，包括专用设备制造业、研究和试验发展等18个大类行业，并优先选择以下范围内的纳税人：新一代信息技术、高档数控机床和机器人、航空航天装备、海洋工程装备及高技术船舶、先进轨道交通装备、节能与新能源汽车、电力装备、农业机械装备、新材料、生物医药及高性能医疗器械等10个重点领域、高新技术企业、技术先进型服务企业和科技型中小企业。退还期末留抵税额的纳税人条件设定为：纳税信用等级须为A级或B级。各地纳税人名单9月前上报关于退还期末留抵税额的计算，通知规定，纳税人向主管税务机关申请退还期末留抵税额，当期退还的期末留抵税额，以纳税人申请退税上期的期末留抵税额和退还比例计算，并以纳税人2017年底期末留抵税额为上限。通知要求各省、自治区、直辖市、计划单列市根据财政部和税务总局确定的各省2018年装备制造等先进制造业、研发等现代服务业退还期末留抵税额规模，顺应国家宏观政策导向，兼顾不同规模、类型企业，确定本省退还期末留抵税额的纳税人，于2018年8月31日前将纳税人名单及拟退税金额报财政部和税务总局备案。,20180628,28,06,"[""专用设备"",""机器人""]",两部门再推退税新政 先进制造业、研发等18类行业将受惠,2018
28日，重庆市政府办公厅印发了《关于进一步加强房地产市场调控工作的通知》。通过出台一系列措施，重庆将进一步加强房地产调控。其中，明确支持刚性居住需求与坚决遏制投机炒房并举是重点。通知明确了八项措施，涵盖了落实责任、土地、金融、定价指导、规划引导、发展租赁住房等调控措施，是一次系统调控，有别于一般“打补丁式”的调控举措。,20180628,28,06,"[""房地产""]",重庆再出“组合拳”打击炒房,2018
发改委网站29日消息，近日，市场传言发展改革委正考虑禁止企业发行364天期美元债，以防范风险。发改委表示，据了解，国家发展改革委等国务院有关部门并未考虑禁止企业境外发债，以上传言没有依据。,20180629,29,06,"[]",发改委：有关部门并未考虑禁止企业境外发债,2018
“中国共产党是世界上最大的政党。大就要有大的样子。”党的十九大胜利闭幕后，习近平总书记在同中外记者见面时的话语，既是庄重豪迈的宣示，也是鼓舞人心的鞭策。成立97年，执政69年，带领亿万人民走过40年改革开放宏伟征程，推动中国特色社会主义进入新时代，让一个曾经面临“被开除球籍”危险的国家走近世界舞台中央，让一个饱经磨难的民族接近复兴梦想……中国共产党必然因其使命非凡而壮大，必然因其道路壮阔而伟大，必然因其本领高强而强大。大抱负与大担当：为人民谋幸福，为民族谋复兴，为世界谋大同，中国共产党肩负宏大使命，在波澜壮阔的世纪大潮中发展壮大感受使命的力量，要到开始的地方。“我志愿加入中国共产党，拥护党的纲领，遵守党的章程……”七一前夕，来到中共一大会址纪念馆瞻仰的人络绎不绝。一批又一批来自全国各地的共产党员，面对鲜红党旗重温入党之时的铮铮誓言。一位老党员深有感触地说：“习近平总书记为全党作出了表率。”党的十九大闭幕不久，习近平总书记带领中共中央政治局常委来到这里，向世人郑重宣示：不忘初心、牢记使命、永远奋斗。近一个世纪前，承载非凡使命，中国共产党应运而生，成为“开天辟地的大事变”。1921年7月，上海。身着长衫、中山装、西装的10多位有志之士，怀着对民族命运的忧虑、对马克思主义的信仰，从四面八方赶到位于法租界的一处幽静小院，轻轻叩响铜环。通往理想之门，悄然开启。从这里出发，中国共产党从一个不到60人的“地下党”，发展壮大到拥有8900多万党员的世界最大执政党。为中国人民谋幸福，为中华民族谋复兴。以使命之名，中国共产党人义无反顾，推动百年中国浩荡前行。“这个初心和使命是激励中国共产党人不断前进的根本动力。”习近平总书记在党的十九大报告中，道出世界最大政党根深叶茂、蓬勃壮大的力量源泉。1935年，江西南昌军法处看守所。面对牢狱的阴森，面对现实的黑暗，方志敏写下的《可爱的中国》，却洋溢着无法阻挡的阳光与希冀。如今，那所监狱所在地，南昌市叠山路，已成为市中心的一条繁华街道，商场、学校、银行，车水马龙，川流不息。今日之中国，正如烈士所愿，“到处都是活跃的创造，到处都是日新月异的进步……”。“我父亲毕生都在为一个可爱的中国而奋斗。长期的革命斗争使他坚信，只有在党的领导下，中国才能站起来、富起来、强起来。”方志敏的女儿方梅说。潮起潮落，风云际会。或许没有第二个国家像近代中国一样，历经如此巨大的冲击和落差。这个国度孕育了悠久灿烂的中华文明，也在列强的铁蹄下遭受了千年未有之大变局，开始了艰难的复兴。也没有哪个政党，能比中国共产党更懂中国，更懂中华民族的渴望，更能扛起复兴使命。这是一个大党的坚定信念。面对枪林弹雨视死如归，面对艰难险阻无私奉献，面对波折浩劫从不消沉，面对改革挑战勇往直前……一代代中国共产党人的接续奋斗，深刻改变亿万人民的命运。这是一个大党的自信自觉。站在人类真理和道义制高点的马克思主义，催生了一种新的革命实践、一套新的政治制度、一条新的发展道路，让中国共产党的成长壮大与中华民族的涅槃重生融为一体。作始也简，将毕也巨。今天，当曾经遥不可及的梦想已是望得见桅杆尖头的航船，只有初心不忘的中国共产党才能有这样的豪情宣告：中华民族积蓄的能量太久了，要爆发出来去实现伟大的中国梦。今天，当光芒四射的红日喷薄欲出，只有使命必达的中国共产党才能有这样的勇毅，向世人公开自己的强国“时间表”。今天，当马克思、恩格斯设想的人类社会美好前景不断在中国大地上生动展现，只有矢志不渝的中国共产党才能有这样的坚韧：牢记共产主义远大理想，坚定中国特色社会主义共同理想，一步一个脚印向着美好未来和最高理想前进。有人说，大国注定要创造伟大和永恒。执掌大国的政党更是如此。从为人民谋幸福、为民族谋复兴到为世界谋大同，对人类前途命运的深切关怀，始终深植于中国共产党的血脉基因。新中国的缔造者胸有壮志：“中国应当对于人类有较大的贡献。”改革开放的总设计师目光长远：“到下世纪中叶……社会主义中国的分量和作用就不同了，我们就可以对人类有较大的贡献。”新时代的领路人心怀天下：“中国共产党始终把为人类作出新的更大的贡献作为自己的使命。”“推动构建人类命运共同体，推动建设持久和平、共同繁荣的和谐世界。”世界上最大的政党，已在自己的章程中郑重宣告。瓦努阿岛，南太平洋岛国斐济第二大岛。中国企业在这里修建的纳布瓦鲁高速公路和布扎贝高速公路，解决了人们出行的“老大难”问题，有力拉动了经济发展。“我要感谢中国政府及中国企业，‘一带一路’是件好事情，对像斐济这样的发展中国家大有裨益。”经营一家建材连锁店的乌梅什·普拉萨德说。两条路带来的改变和希望，是“中国人民愿同各国人民一道，推动人类命运共同体建设，共同创造人类的美好未来”的生动诠释。大道之行，天下为公。复旦大学政党建设与国家发展研究中心主任郑长忠指出，中国共产党是最具有使命担当的马克思主义政党。这个使命型政党的“任务清单”里，从共同理想到远大理想，从近前的全面小康到长远的民族复兴，再到为世界谋和平、谋大同……使命指引着中国共产党成就世界最大政党的自信与自觉。千秋伟业，百年恰是风华正茂。决定中国共产党格局的，从来不是时间的长短，而是使命的力量。大视野与大航程：高举真理旗帜，勇立时代潮头，中国共产党锻造独特气质，引领社会主义在中国开辟发展新境界1921年—2018年，世界东方。面对创世纪般的伟业，有人感慨中国共产党是“史上最强创业团队”：烽火28年，在生与死的考验中，把马克思主义基本原理与中国革命具体实践相结合，走出一条国家独立和民族解放的正确道路；执政69年，在弱与贫的突围中，沿着社会主义的航向，开创出驶向伟大复兴的壮阔航程；改革开放40年，在破与立的变革中，走出一条中国特色社会主义的康庄大道。向着彼岸奋进，中国共产党在马克思主义思想灯塔的指引下，以理论上的自信与自觉不懈探索——2017年10月24日，历史性的时刻。人民大会堂万人大礼堂，出席党的十九大闭幕会的2300多名代表和特邀代表庄严表决，通过关于《中国共产党章程(修正案)》的决议，习近平新时代中国特色社会主义思想正式写入中国共产党章程。一本党章，见证马克思主义中国化的宏阔历程，“浓缩”中国共产党的“思想简史”，成为这个百年大党的精神源泉。两年前，有着62年党龄、参加过抗美援朝的爷爷，把一本党章作为考入大学的礼物，送给孙女杨雯迪。今年6月20日，距离20岁生日还有2天时，这位东南大学医学院的大二学生，光荣地加入中国共产党。那本党章的最后一页空白处，爷爷这样写道：“爷爷20岁入党，爸、妈20岁入党，奶奶、大伯、大妈也是党员，希望你在大学入党。”奋进的力量，来自祖辈的期许，更是思想的引领。“爷爷用党章来激励我，是希望我在思想最为活跃的青春年华，用科学理论武装头脑，树立正确的世界观、人生观、价值观。”杨雯迪正在和老师同学一起深入学习习近平新时代中国特色社会主义思想，不断坚定着为中国梦贡献青春力量的信心和决心。没有哪个政党，比中国共产党更能体会手握马克思主义真理所拥有的力量，更能读懂“在实践中检验真理和发展真理”的可贵。那是革命徘徊时的预言：“星星之火，可以燎原”；那是社会主义低潮时的坚定：“不要惊慌失措，不要认为马克思主义就消失了，没用了，失败了。哪有这回事”；那是新时代的自信：“中华民族伟大复兴的中国梦一定要实现，也一定能够实现”。百年求索，唯有一个始终重视理论创新的大党，才有这样的笃定与魄力宣示，当代中国的伟大社会变革，不是简单延续“母版”、套用“模板”，更不是“再版”“翻版”。面对东欧剧变、苏联解体，中国共产党义无反顾高举中国特色社会主义旗帜，让这面旗帜在21世纪、在世界上人口最多的国家高高飘扬。向着彼岸奋进，中国共产党在坚强舵手的指引下，以行动上的团结一致劈波斩浪——北京，人民大会堂巍巍矗立。2017年10月，作为党的十九大代表，南京航空航天大学马克思主义学院党总支书记徐川步入万人大礼堂，这位“80后”为世界最大政党所表现出的同心同德激动不已。“我们的队伍在不断壮大，但不是大而不当、大到走形，而是更加紧密地团结在以习近平同志为核心的党中央周围，团结一致向前看。这样的党，怎能不越来越大，越来越强？”徐川说。沧海横流显砥柱，万山磅礴看主峰。时代交汇点上，习近平总书记在领导党和国家事业发展、在领导开展具有许多新的历史特点的伟大斗争中展现出坚定信仰信念、鲜明人民立场、非凡政治智慧、顽强意志品质、强烈历史担当、高超政治艺术，众望所归地成为梦想航程的掌舵者。一个体量庞大的政党，有了核心就有了顶梁柱，有了核心就有了主心骨。8900多万党员通过牢固树立“四个意识”，维护习近平总书记核心地位、维护党中央权威和集中统一领导；通过加强和规范党内政治生活，立根铸魂，立规明矩；通过坚持民主集中制，既充分发扬民主，又坚决服从大局……“全国上下向党看齐，全党上下向中央看齐。这就是我们党、我们国家能团结一切可以团结的力量，办成其他政党和国家所办不了的大事，展现强大生命力的‘密码’。”中央党校教授、马克思主义理论研究和建设工程课题组首席专家严书翰说。向着彼岸奋进，中国共产党以自我革命的胆识纠正偏差、校准航向，将巨轮带入新的辽阔海域——走一条从未有人走过的路，注定不可能一帆风顺。从某种程度讲，中国共产党97年的历程，所遭受的曲折与所赢得的荣光一样多。但没人能够否认，一如这个百年大党对真理的坚持，她同样随时准备修正错误。今天的人们，用“春雷”形容十一届三中全会开启的伟大转折。60岁的卜宪升印象至深的，是当年刷下的那条“从来没有见过”的标语。上世纪70年代末80年代初，河南尉氏县。卜宪升提着涂料桶，在村子的墙面刷写上这样一句话：“交足国家的，留够集体的，剩下的都是自己的。”村民们争相围观，有惊奇，有欢欣：“政策不一样了！”40年风云激荡，40年铸就辉煌。在中国共产党领导下，亿万中国人民走出了一条中国特色社会主义道路，迈入中国特色社会主义新时代。这是一个大党的气质，这是一个大国的品格。历史是最好的注解，现实是有力的印证，未来是必圆的梦想。大智慧与大作为：既要政治过硬，也要本领高强，中国共产党展现自信与自觉，为人类社会发展进步注入不竭动力“最能打仗的人”，被集结在了中国共产党必须打赢的一场攻坚战上——摆脱贫困，全面小康！以前泥泞的通组路实现了硬化，过去杂草丛生的荒山种上了茶树，留守妇女在家门口就可以就业……这是驻村第一书记姜海泉两年来在贵州省丹寨县排调镇甲石村的亲身经历。当得知这位来自审计署的驻村第一书记将期满离开，村民们联合写信托人带到北京，恳求组织让姜书记再留任一段时间。放心不下乡亲们，孩子刚上小学的姜海泉决定克服家庭困难，再留一年。“小康路上一个也不能少”——当代中国共产党人对历史、对人民许下铮铮誓言。有奋斗，就有牺牲。2013年到2016年间，献身在反贫困战场上的党员有100多名。办好中国的事情，关键在党。不仅仅是脱贫攻坚。面对不容错过的历史机遇，面对不容回避的风险挑战，中国共产党只有以“打铁必须自身硬”的自觉，建设成为世界上最强大的一个政党，方能不负时代、不负人民。“要使我们这样一个党员数量比一些国家的人口数量还要多的大党时刻不忘初心、牢记使命，不断焕发生机活力，并实现由大到强的目标，既是一个世界性的挑战，也是一个历史性的担当。”中央党校教授韩庆祥说。弄潮儿向涛头立。中国共产党以对党情国情世情的高度清醒，直面世界性挑战，肩负历史性担当。大就要有大的样子。全面从严治党，不断推进一个百年大党“党的建设新的伟大工程”——党的十八大以来，“打虎拍蝇猎狐”保持高压态势，反腐败斗争无禁区、全覆盖、零容忍，压倒性态势已经形成并巩固发展，“得罪千百人，不负十三亿”。以政治建设永葆共产党人政治本色，以思想建设“加油”“补钙”，以组织建设构建改革发展的坚强战斗堡垒，以作风建设正风肃纪，以纪律建设强化不敢腐的震慑、增强不想腐的自觉……中国共产党的“大党治理”工程构建起独特的理论逻辑，形成有效的实践方法，党内政治生态气象一新，党心民心空前凝聚。大就要有大的样子。加强党的全面领导，一个百年大党不断书写治国理政的恢弘答卷——党的十八大以来，党中央召开一系列重要会议，从宣传思想工作、网络安全和信息化工作，到城市工作、高校思想政治工作……习近平总书记亲自出席会议并发表重要讲话，充分体现“党是领导一切的”。“党的领导不是抽象而是具体的，必须把党的领导具体务实地贯彻到治国理政全部活动之中，体现在经济建设、政治建设、文化建设、社会建设和生态文明建设各领域各方面。”中国浦东干部学院教授刘靖北说。党的十九届三中全会作出深化党和国家机构改革的决定。这场以加强党的全面领导为统领、以国家治理体系和治理能力现代化为导向的深刻变革中，一个马克思主义执政党肩负对整个国家重大领导责任的自信与自觉，一览无余。从推进党和国家机构职能向着优化协同高效的目标迈进，到建设平安中国、法治中国、健康中国、美丽中国……领航巨轮的中国共产党，正以不断精进的本领，持续提升自身的执政能力和领导水平，让新时代的长征路越走越宽广。大就要有大的样子。推动构建人类命运共同体，一个百年大党为人类进步事业作出新的更大贡献——计划成立党校，并派遣党员到中国学习中国共产党的治国理政经验——这是今年4月，肯尼亚执政党朱比利党总书记拉斐尔·图朱接受新华社记者采访时透露的“学习计划”。“对非洲而言，中国的发展道路让人惊讶，也让人振奋。”图朱说，中国的成就在人类历史上没有先例，它给非洲人民带来希望，让他们感到光明就在隧道的尽头。胸怀天下，立己达人。中国共产党是为中国人民谋幸福的政党，也是为人类进步事业而奋斗的政党。这是大党大国的气魄：面对“逆全球化”浪潮涌动，中国开放的大门越开越大。货物进出口总额11.63万亿元创同期历史最高水平、全国新设立外商投资企业同比增长97.6%、医疗仪器设备及仪器仪表制造业利用外资大增442.3%……今年前5个月的数据显示，外资外贸稳中向好态势稳固，外企深耕中国信心进一步增强。这是大国大党的气派：面对动荡纷扰的国际格局，中国共产党积极搭建政党交流平台。去年12月，来自阿根廷的不同政党，在中国共产党与世界政党高层对话会上坐到了一起，“尽管在国内观点有时相左，但在涉及人类命运问题上则存在共识”。正如习近平总书记所言，当前，世界格局在变，发展格局在变，各个政党都要顺应时代发展潮流，把自身发展同国家、民族、人类的发展紧密结合在一起。大就要有大的样子。怀着强烈的问题意识和忧患意识，一个百年大党不断续写伟大斗争史的时代新篇——一路筚路蓝缕，栉风沐雨，涌动着革命血液的中国共产党人，从不曾停下“赶考”步伐，始终保持重整行装再出发的精神状态，昂扬着“永远在路上”的斗志与执着。距离梦想越近，挑战往往越大。中华民族伟大复兴，绝不是轻轻松松、敲锣打鼓就能实现的。当前，国际形势波诡云谲，周边环境复杂敏感，社会主要矛盾变化的影响广泛深远，改革发展稳定任务艰巨繁重。外部风险、内部风险、一般风险、重大风险犹如拦在前进道路上的一座座险峰、一道道沟壑。“我们既要有防范风险的先手，也要有应对和化解风险挑战的高招；既要打好防范和抵御风险的有准备之战，也要打好化险为夷、转危为机的战略主动战”，这是新时代中国共产党人的“战斗宣言”，向世人展示世界最大政党时刻准备战胜一切艰难险阻、朝着伟大目标不懈奋斗的胆魄和勇气。回望来路，信心更坚。我们走过从无到有的“雄关漫道真如铁”；我们历经从小到大的“人间正道是沧桑”；我们正在迎接由大向强的“长风破浪会有时”！当中国日益走近世界舞台中央，习近平总书记勉励全党，我们党要搞好自身建设，真正成为世界上最强大的一个政党。,20180628,28,06,"[""太平洋"",""银行"",""大智慧"",""好未来"",""仪器仪表"",""高速公路""]",“大就要有大的样子”——献给中国共产党成立97周年,2018
记者28日从工业和信息化部获悉，6月27日，第十届APEC中小企业技术交流暨展览会主论坛“APEC中小企业创新与合作大会”在沈阳召开。工业和信息化部党组成员、副部长王江平表示，为帮助中小企业抓住发展机遇，适应新的挑战，实现可持续的健康发展，我们将着力做好四个方面工作：一是推动改革，促进创新要素的合理流动；二是创新理念，拓宽中小企业发展领域；三是深化合作，增强中小企业创新能力；四是加强交流，改善中小企业创新环境。王江平指出，亚太是全球经济最大的板块，也是世界经济增长的一个主要引擎。亚太经合组织是亚太和全球经济合作的先行者、引领者、开拓者，对促进亚太区域和全球经济发展具有重要作用。中小企业是APEC各经济体经济发展的支柱，也是最具发展活力和创造力的企业群体，已经成为各经济体带动经济增长、促进市场繁荣、扩大社会就业的重要力量。近年来，中国坚持以创新、协调、绿色、开放、共享的新发展理念为引领，着力促进以互联网为核心的新一代信息技术与中小企业深度融合，推动大中小企业融通发展，积极引导中小企业高质量发展，取得了积极成效。王江平表示，当前中国中小企业发展仍然面临许多困难和挑战，针对中小企业发展过程中存在的问题，中国出台了一系列政策措施，特别是今年1月1日，新修订的《中华人民共和国中小企业促进法》正式施行。随着支持中小企业发展的政策法律体系不断完善和共建“一带一路”倡议的深入实施，中国中小企业创新发展与开放合作的势头更加巩固，迎来了历史上最好的发展时期：一是发展环境持续优化；二是财税支持力度不断加强；三是融资环境进一步改善；四是公共服务体系进一步健全；五是国际合作进一步深化。王江平指出，当前，世界经济复苏步伐加快，但不稳定不确定因素依然较多，中小企业作为推动亚太地区经济发展的基石，必须抓住机遇，直面挑战，通过改革和创新，获取新的发展驱动力和竞争力，为亚太地区继续保持世界经济引擎地位奠定坚实基础。为帮助中小企业抓住发展机遇，适应新的挑战，实现可持续的健康发展，我们将着力做好四个方面工作：一是推动改革，促进创新要素的合理流动；二是创新理念，拓宽中小企业发展领域；三是深化合作，增强中小企业创新能力；四是加强交流，改善中小企业创新环境。王江平强调，中小企业是开放型世界经济的建设者，更是受益者，新一轮技术革命必将推动亚太中小企业进一步的良性互动。今年是中国改革开放40周年，中国将继续推动全面对外开放，实行高水平的贸易和投资自由化便利化政策，大幅度放宽市场准入，坚持引进来和走出去并重，扩大与APEC各经济体的投资和贸易往来，共建开放型世界经济。,20180628,28,06,"[]",工业和信息化部：着力做好四个方面工作帮助中小企业健康发展,2018
《深圳经济特区股份合作公司条例修正案(草案)》(《草案》)前日正式提交深圳市人大常委会第二十六次会议审议。据悉，《草案》聚焦目前深圳股份合作公司股权、治理、监管等问题。为加强引进人才、促进村集体经济升级转型，拟规定募集股将向外来经营管理和技术人才以及战略投资者开放。公司可按规定回购股份在股权方面，考虑到合作股继承、质押问题等争议较大，《草案》对于合作股是否能继承、质押未作规定，继续规定合作股可以在公司章程规定的范围内转让，增加规定公司可以根据章程规定对股东去世等情形“回购股份”。集体股是指设立公司时由集体财产折股后留归集体享受股利利益的股份。为了赋予集体股表决权和提案权，规定集体股代表可以参加公司股东大会，以其股份行使表决权，将股东大会提案要求由20%以上的股东联名改为持有20%以上的股份。针对集体股一股独大问题，规定可以调整集体股所占比例。募集股募集对象放宽为吸引人才、留住人才，原《深圳经济特区股份合作公司条例》规定公司员工可以认购募集股，但实践中绝大多数公司为了维护原有股东的利益，不愿意通过募集方式增加其他股东，几乎都未设置募集股，募集股未能发挥立法预期的功能和目的。随着经济社会的发展，股份合作公司原有的以厂房出租为主的物业经济模式有待转型升级，急需引进各类人才。对此，《草案》将第五款修改为：“募集股是指公司通过募股形式由公司合作股股东、员工以及符合公司章程规定的其他组织或者个人认购的股份。”即将募集股的募集对象在原村民和公司员工的基础上，增加了“公司章程规定的其他组织和个人”。同时，《草案》规定公司可以按照公司章程规定，通过配售、奖励等形式赋予董事会、经营班子成员、其他高级管理人员、引进的技术和管理人员以及股东大会表决同意的其他人员股份。拟设“任职负面清单”《草案》规定，将进一步加强党建，充分发挥党组织在股份合作公司中的作用，增加规定公司章程靠前条款应当规定公司党组织的职权和参与重大事项决策的规则。考虑到大多数公司是村民小组改组设立，股东人数本来就不多，普遍反映直接举行股东大会进行决策更便利和高效，《草案》规定的权力机构由股东代表大会改为“股东大会”。同时，针对少部分公司股东人数较多召开股东大会困难的情况，规定公司股东人数200人以上的，也可以依据章程规定采取股东代表大会制度。另外，《草案》专门增加一章规定集体资产管理委员会的产生、组成、职权、议事规则等事项，做实集体资产管理委员会。《草案》还将加强公司内部监督。在《公司法》规定的基础上，进一步严格了董事、监事和高级管理人员的“任职负面清单。在任职期间出现”任职负面清单情形的，公司应当解除其职务。,20180628,28,06,"[]",募集股拟向外来人才开放,2018
首个独立由中国人发明、中国医生研究、中国企业研发的抗癌药“呋喹替尼”即将面世，可为接受过至少两次化疗方案，但仍发生疾病进展的转移性结直肠癌患者带来希望，在临床研究中被证实可显著延长患者的生存期。澎湃新闻记者6月28日从同济大学附属东方医院获悉，这一药物的III期关键性临床研究由该院肿瘤医学部主任李进教授和中国人民解放军第八一医院副院长秦叔逵教授共同领导，复旦大学附属肿瘤医院、和记黄埔医药与礼来制药等全国28家临床药物研究机构参与完成。而这一临床研究结果也被发表在6月26日出版的国际顶尖医学期刊《美国医学会杂志》上。李进表示，这一国际权威杂志被评为国际医学界公认为“四大”顶尖医学期刊之一，此前从未发表过中国创新研发的国产抗癌药物，“让中国制药走上世界舞台已经是我们国家未来的发展方向，而这一药物的研发成果将对中国推动国产药物的研发具有里程碑的意义。”生存期延长到9.3个月全球每年新发结直肠癌136万例，病死69万4000例。在中国，每年新发结直肠癌37万6000例，且大部分结直肠癌患者诊断时已至中晚期。目前，转移性结直肠癌的标准治疗为化疗，对于化疗失败的晚期结直肠癌患者，有效的治疗选择非常有限。两期化疗失败后，许多患者仍然体质较好，生存愿望强烈，亟需安全有效的后续治疗方案。对此，呋喹替尼的III期关键性临床研究吸纳了416名晚期结直肠癌患者，平均年龄54.6岁，其中161例为女性，这些患者分成两组，一组使用呋喹替尼新药，另一组则使用安慰剂，通过每日一次，28天为一疗程(治疗21天，停药7天)的治疗，研究随访至2017年1月17日。经比对：使用呋喹替尼组的患者的生存期延长到9.3个月，比使用安慰剂组的患者生命周期显著延长了2.7个月；同时呋喹替尼也显示出了良好的安全性，尤其对肝脏毒性相较于其他同类要来讲是最低的，和使用安慰剂组的患者没有差异。通过临床试验，呋喹替尼显示出了对结直肠癌作用强、毒性低、耐受性好的优势。据李进介绍，试验所得结果是目前国际上此领域内所能达到的最大延长期数据。目前此项临床研究已获得了国家“十二五”“重大新药创制”专项课题支持、上海市科委科技专项、浦东新区科委科技发展基金专项以及张江高科技园区管理委员会对应的配套资金支持。据了解，基于上述临床研究的数据，和记黄埔医药已向国家药品监督管理局递交了呋喹替尼治疗晚期结直肠癌的新药上市申请，呋喹替尼的上市申请因“具有明显临床价值”被授予“优先审评”资格。李进表示，预计今年年底可获得国家药品监督管理局的批文，届时即可上市销售。推动国内抗肿瘤药物从“仿制”向“原创”抗肿瘤药物的研发一直掌握在欧美国家手中，目前，国内抗癌新药数量和效果与发达国家仍有很大差距。国内抗癌药物创新与研发现状如何？存在哪些发展瓶颈？统计数据显示，在20102014年上市的49种癌症新药中，只有6种在中国上市。截至2018年1月，在中国进行的与癌症相关的临床试验研究约为33407个项目，而美国数量已超过11万，为中国的3倍多。国内上市和在研的新药绝大多数是以仿制为主，处于仿创结合阶段。究其中国医药企业研发生产原创药薄弱的原因：新药研发是一个高投入、高风险、长周期(1015年)的过程，需要足够的人力、财力和设备的投入。作为自主研发的抗癌新药呋喹替尼从立项到目前的上市冲刺阶段，整个研究团队走过了12年的研发历程，“期待呋喹替尼的后期上市能带动抗癌新药的创制体系建立，加速国内医药企业从抗癌药物的仿制向创制转变。”李进说。据悉，目前在东方医院南院六楼的肿瘤药物一期临床试验中心正在开展20项肿瘤药物的临床试验，李进表示，中心将计划以每年3035项的研发速度来推进肿瘤新药研发创制。,20180628,28,06,"[""礼来"",""国际医学"",""张江高科"",""中国医药""]",首个中国自主研发生产抗癌药将上市 可延长患者生存期,2018
今日，国新办今日就《中国与世界贸易组织》白皮书有关情况举行发布会，商务部副部长兼国际贸易谈判副代表王受文在发布会上介绍，自2002年以来，中国已经和24个国家和地区签署了16个自由贸易协定，这些协定是进一步扩大降税的幅度，接近90%的关税为零。对于记者提到的是否存在“入世改革停滞论”这个观点时，王受文强调，这个说法是不成立的，改革开放是中国的基本国策。以下为发布会全文实录：记者：请问有观点认为，中国在加入世贸组织之后改革就停滞了，甚至有一些观点认为在一些领域出现了停滞的状况？请问中国的继续开放是不是“一句口号”呢？中方认为世贸组织应该进行怎样的改革，中方能发挥怎样的作用呢？王受文：改革开放是中国的基本国策。你刚刚讲到，有的观点说中国加入世贸组织、履行承诺之后就停滞了改革开放，这个说法是不成立的，更谈不上改革开放的倒退。除了刚才说到的我们履行了在货物、服务、投资、知识产权和透明度方面的承诺之外，中国加入世贸组织以后，积极参与多哈回合的谈判，刚刚提到我们为世贸组织《贸易便利化协定》的达成作出了贡献。我们积极参与了《信息技术协定》扩围的谈判，信息技术扩围只有53个WTO成员参加，中国作为一个成员我们积极参与并且做出了重要贡献。加入世贸组织以后，我们的开放还体现在积极与贸易伙伴进行自由贸易协定的谈判。自2002年以来，中国已经和24个国家和地区签署了16个自由贸易协定，对这些自由贸易协定我们是进一步扩大降税的幅度，接近90%的关税为零，根据这个协议的安排，这是“WTOPlus”，超过WTO的，在服务领域、投资领域都通过这些自由贸易协定进一步的扩大开放，除了通过WTO项下的开放，通过自由贸易协定项下的开放，我们还积极进行自主开放，比如，我刚刚提到2016年、2017年、2018年其他国家没有要求我们降税，我们自己主动降税，因为我们认为这些降税符合中国人民的利益，也符合其他国家的利益，所以我们主动做。在外商投资准入方面，我已经提到，WTO没有要求我们在投资方面提出开放的措施，但是我们在加入世贸组织以后，特别值得一提的是，在2013年我们建立了上海自由贸易试验区，在上海自由贸易试验区里，我们实施了第一张准入前国民待遇加负面清单的一个体制。这个体制在2016年实施到全国。原来外资到中国来，不管是中国欢迎的、鼓励的还是限制的，都要叫做逐案审批，现在我们改了，除了在负面清单里面列出来的项目，其他的一律备案，登记备案就可以，不需要审批。这些措施都是我们加入世贸之后主动做出的重大的开放措施。所以说，中国开放在加入世贸之后就停滞了甚至倒退，这些说法都是不成立的。你刚刚也问到，WTO改革的事。中国作为WTO的一个成员，我们坚定地支持WTO，支持多边贸易体制，支持维护多边贸易体制的权威性和有效性，但是必须要说明的是，现在WTO体制也面临一些困难，还存在一些不足。比如，发展中成员多年关注的农业过度补贴问题，在WTO就没有得到解决。比如，贸易救济措施，本来贸易救济措施是针对不公平贸易行为采取的补救措施，结果今天很多贸易救济措施本身成了不公平贸易的手段。还有，今天蓬勃发展的电子商务，投资便利化这些企业界十分关心的议题，WTO也没有给予有效的处理。所以我们觉得对这些新议题的谈判，包括对WTO目前面临的在争端解决机制方面的困难，遇到的一些新的挑战，大家坐在一起来进行探讨，如何来完善它，如何来加强它的权威。我们认为也是必要的，中国对处理这些问题也持一个开放的态度。大家可能也注意到，前不久中欧经贸高层对话中，双方就表示，我们要进一步维护WTO体制，同时我们要与时俱进改革多边贸易体制，来进一步完善全球经济贸易治理。当然，对WTO的改革问题，它确实也是一个复杂的问题。我们想在这方面，我们一定要坚持WTO的一些基本原则和核心价值不能改变。我们在探讨完善和改革的时候，要坚持平等参与、透明开放的讨论，我们要尊重绝大多数成员的意愿，特别是要注重发展中国家的这种关切。,20180628,28,06,"[""国际贸易""]",商务部：改革开放是中国的基本国策,2018
38年前，珠海经济特区诞生。4年后，改革开放的总设计师邓小平第一次踏上珠海的土地视察，欣然写下“珠海经济特区好”七个大字，如同茫茫大海上的一座灯塔，照亮珠海经济特区勇往直前的道路。38年后，那个曾经落后的边陲小镇，已变成一座现代化花园式海滨城市。伫立新的时空坐标，珠海改革开放再谋划、再出发，再燃“杀出一条血路”的特区精神，跳出“老套路”，跑出“加速度”，努力以新理念、新办法破解瓶颈制约，在追赶中进行“二次创业”。荒岛巨变：“不进则退，慢进也是退”3年前，横琴自贸试验片区挂牌成立，一场历史性巨变迅速发生在这个方圆100多平方公里的岛上。如今，岛上的企业突破5万家，科技企业超过6800家，44家世界500强企业落户。创新是横琴之魂。横琴借鉴港澳地区及世界先进经验，在制度创新方面屡屡取得突破，近百项案例成为全国自贸试验区最佳实践案例和广东省自贸试验区制度创新案例。在横琴新区行政服务大厅，几台智能化办税机器引人注目。珠海市税务部门有关负责人曾天翔介绍，这是横琴税务部门推出的全国首创VTax远程可视自助办税系统，纳税人可远程与税务人员进行交互，实现跨境、跨区域“零跑动”办税费。“企业家、投资者人在港澳，也能像人在横琴一样享受到优质的办税服务。”曾天翔说，横琴着力打造国际化法制化便利化营商环境，让更多企业“涌进来”和“走出去”。坚持与港澳合作是横琴之本。近年来，横琴自贸试验片区与港澳携手共进、优势互补、协调发展。目前，横琴自贸试验片区的港澳企业近3000家，注册资本超过290亿美元。“百舸争流，形势逼人，不进则退，慢进也是退。”横琴自贸试验片区办公室副主任王彦说，横琴是“特区中的特区”，必须担起国家战略使命，打造成粤港澳深度融合发展的靓丽名片。自主创新：“特区精神就是挑战精神”三房―厅的住房一套、国产奥迪小轿车―辆和20多万元的奖金，合计人民币约100万元，这是1992年3月，珠海对三名科技特等奖人员的奖励。当时，珠海“科技重奖”首开全国先河，犹如一声惊雷，轰动海内外。就在“科技重奖”的前两年，后来担任珠海格力电器股份有限公司董事长的董明珠第一次来到珠海。她清晰记得，那时的公交站台搭的还是芦苇蓬，她的月工资200多元。董明珠刚入职的格力的前身海利，是一家国企的二级子公司，当时经营效益堪忧，一二百号人，一年卖两三千台空调。“没有核心技术，电机要买、压缩机要买，没有几样不是买的，最后把部件组装成一个机器，打上牌子销售出去。”现在，格力已从一家年营业总收入1亿元、净利润不足200万元、技术主要靠“买”的小公司，成长为年营业总收入超过1500亿元、净利润超过224亿元、关键核心技术掌握在自己手里的世界500强企业。推出先进的环境测量无人船，拥有无人艇专利超百项……珠海云洲智能科技有限公司创始人张云飞说，企业今天的成就靠的是自主创新。此外，AG600水陆两栖大飞机、“珠海一号”商业卫星、国产激光打印机……这些高科技产品正在成为珠海新的亮丽名片。“我们的心得就是坚持走自主创新之路。”董明珠说，“特区需要开拓者的精神，要有挑战精神，需要一批有梦想的人，更要有一批有执着奉献精神的人承担起创新的使命。”改革开放：一次走向美好、永不停息的长征珠海渔女，静静地矗立于情侣路边。在她的不远处，港珠澳大桥宛如一条巨龙延伸往远方，将珠海与港澳陆路桥联通。港珠澳大桥管理局副局长余烈说，从2004年筹备到2018年大桥完工，工程人员们突破了一个个世界级技术难关，终于将构想变成了现实。在他看来，大桥的建设精神跟特区精神是一脉相承的。“改革开放就是一次充满风险的试验，但又充满希望、干劲和激情。我们也正是在这样的历史背景下，去拥抱挑战，去做前无古人的事情。”余烈说。回首38年的发展历程，珠海市委书记郭永航说，珠海筚路蓝缕，经济社会发生了翻天覆地的变化，贡献了很多先行先试的经验，成为一座生态环境好、人均收入高、人民幸福感强的城市。“但与兄弟特区相比，珠海还有较大差距。”郭永航说，珠海经济体量没有做大、城市格局没有拉开、发展引擎没有完全形成。特别是小成则满，小富即安、甘于平庸的气氛比较浓厚，干部敢闯敢干的心态有所弱化。今年，港珠澳大桥即将通车，粤港澳大湾区规划即将出台……珠海已经走到了一个全新的历史方位，迎来了全新的历史机遇。“我们要重燃改革激情，用‘归零’和‘重启’的心态重整行装再出发，将珠海打造成粤港澳大湾区的经济新引擎和让人向往的、独具特色的大湾区魅力之城。”郭永航说。,20180630,30,06,"[""格力电器""]",珠海：在新时空坐标重燃改革激情,2018
央行发布《关于支付机构客户备付金全部集中交存有关事宜的通知》，自2018年7月9日起，按月逐步提高支付机构客户备付金集中交存比例，到2019年1月14日实现100%集中交存。交存时间为每月第二个星期一(遇节假日顺延)，交存基数为上一个月客户备付金日均余额。跨境人民币备付金账户、基金销售结算专用账户、外汇备付金账户余额暂不计入交存基数。以下为全文：中国人民银行办公厅关于支付机构客户备付金全部集中交存有关事宜的通知中国人民银行上海总部，各分行、营业管理部，各省会(首府)城市中心支行，各副省级城市中心支行；各国有商业银行、股份制商业银行，中国邮政储蓄银行；中国银联股份有限公司，网联清算有限公司；各非银行支付机构：为贯彻落实党的十九大关于强化金融监管、防范金融风险的精神，按照党中央、国务院互联网金融风险专项整治工作部署，人民银行决定将支付机构客户备付金集中交存比例逐步提高至100%，现将有关事项通知如下：一、自2018年7月9日起，按月逐步提高支付机构客户备付金集中交存比例，到2019年1月14日实现100%集中交存。交存时间为每月第二个星期一(遇节假日顺延)，交存基数为上一个月客户备付金日均余额。跨境人民币备付金账户、基金销售结算专用账户、外汇备付金账户余额暂不计入交存基数(具体要求见附件1)。二、为满足支付机构特定业务需求，支付机构可以在备付金银行持有相关业务专用账户。(一)开展跨境人民币业务的支付机构，可以持有1个跨境人民币备付金账户，办理业务过程中，应遵守人民银行跨境人民币业务有关规定。(二)提供基金销售支付服务的支付机构，可以持有1个基金销售结算专用账户，办理业务过程中，应遵守中国证券监督管理委员会有关规定。(三)获准办理“预付卡发行与受理”业务的支付机构，可以持有1个备付金账户。该账户只能用于收取客户的购卡、充值等资金，账户内资金应于每个工作日大额支付系统业务截止前全部交存至人民银行“备付金集中存管账户”。(四)外汇备付金账户的开立和使用，执行国家外汇管理局现行规定。除上述跨境人民币备付金账户、基金销售结算专用账户、预付卡备付金账户和外汇备付金账户外，支付机构应于2019年1月14日前注销在商业银行的其余备付金账户。三、自本通知发布之日起，支付机构应根据与中国银联股份有限公司或网联清算有限公司的业务对接情况，于2019年1月14日前在法人所在地人民银行分支机构开立“备付金集中存管账户”，并于开户之日起2个工作日内将原委托备付金存管银行开立的“备付金交存专户”销户(具体流程见附件2)。支付机构“备付金集中存管账户”的资金划转应当通过中国银联股份有限公司或网联清算有限公司办理。四、中国银联股份有限公司和网联清算有限公司应根据客户备付金集中交存安排，支持商业银行和支付机构按期、有序接入，确保各项业务正常处理。五、人民银行分支机构应根据本通知规定，指导辖区内支付机构、商业银行切实做好相关工作，鼓励、支持满足条件的支付机构提前执行，要求支付机构强化流动性管理，确保备付金集中交存工作稳妥、有序开展。请人民银行分支机构将本通知转发至辖区内有客户备付金存管资质的商业银行。执行中如遇问题，请及时报告人民银行支付结算司。,20180630,30,06,"[""银行""]",央行：到2019年1月14日实现支付机构客户备付金100%集中交存,2018
央行：综合运用多种货币政策工具中国人民银行货币政策委员会2018年第二季度(总第81次)例会于6月27日在北京召开。中国人民银行货币政策委员会2018年第二季度(总第81次)例会于6月27日在北京召开。会议分析了国内外经济金融形势。会议认为，当前我国经济基本面良好，经济增长保持韧性，总供求总体平衡，增长动力加快转换。内需对经济的拉动不断上升，外贸依存度显著下降，应对外部冲击的能力增强。稳健中性的货币政策取得了较好成效，结构性去杠杆稳步推进，金融风险防控成效初显，金融对实体经济的支持力度较为稳固。国内经济金融领域的结构调整出现积极变化，但仍存在一些深层次问题和突出矛盾，国际经济金融形势更加错综复杂，面临一些严峻挑战和不确定性。会议指出，要继续密切关注国际国内经济金融走势，加强形势预判和前瞻性预调微调。稳健的货币政策保持中性，要松紧适度，管好货币供给总闸门，保持流动性合理充裕，引导货币信贷及社会融资规模合理增长。继续深化金融体制改革，健全货币政策和宏观审慎政策双支柱调控框架，疏通货币政策传导渠道。按照深化供给侧结构性改革的要求，优化融资结构和信贷结构，提升金融服务实体经济能力。主动有序扩大金融对外开放，增强金融业发展活力和韧性。会议强调，要以习近平新时代中国特色社会主义经济思想为指导，认真贯彻落实党的十九大和政府工作报告精神，继续按照党中央、国务院的决策部署，坚持稳中求进工作总基调，综合运用多种货币政策工具，把握好结构性去杠杆的力度和节奏，促进经济平稳健康发展，稳定市场预期，打好防范化解金融风险攻坚战，守住不发生系统性金融风险的底线。本次会议由中国人民银行行长兼货币政策委员会主席易纲主持，货币政策委员会委员连维良、刘伟(财政部)、陈雨露、刘国强、宁吉喆、郭树清、刘士余、潘功胜、田国立、刘世锦、马骏出席会议。丁学东、刘伟(中国人民大学)因公务请假。中国人民银行上海总部、天津分行、西安分行负责同志列席会议。延伸阅读央行二季度例会：稳健的货币政策保持中性要松紧适度央行：管好货币供给总闸门保持流动性的合理充裕易纲首次主持召开央行货币政策委员会例会释放了这些信号,20180628,28,06,"[]",央行：综合运用多种货币政策工具 把握好结构性去杠杆的力度和节奏,2018
随着6月份的结束，网贷行业上半年的整体业绩情况也新鲜出炉。据第一网贷发布的《2018年6月份全国P2P网贷行业快报》显示，截至今年6月底，行业贷款余额1.53万亿元，环比下降0.38%。上半年网贷行业成交额1.35万亿元，环比下降31.58%，同比下降30.26%。平均综合年利率低至9.32%，环比上升0.49个百分点，同比上升1.02个百分点。平均借款期限为9.77个月，环比延长15.62%，同比延长23.05%。有业内专家对《证券日报》记者指出，今年上半年的网贷行业有几个“第一次”：网贷行业有史以来，第一次出现“双降”(从业机构数量及业务规模双降)。上半年P2P网贷成交额，环比与同比同时大幅度降低，也是第一次出现。“大数据表明，网贷发展多年来呈现出的‘快、偏、乱’野蛮生长三大怪象，经过两年多的整治，在今年上半年已经得到有效改善，整体向好。”在行业整治以前，网贷行业无论在机构数量还是业务规模均呈现出迅猛增长势头。不过，据第一网贷数据显示，截至今年6月底，业内贷款余额15345.99亿元，环比降低0.38%，这已是从今年3月份第一次出现网贷贷款余额下降后，连续第4个月下降。在成交额方面，今年6月份，网贷行业成交额1908.07亿元，环比增长0.64%，比去年6月份减少42.7%。分季度来看，第二季度网贷行业成交额5980.56亿元，比一季度降低19.97%，比去年第二季度降低40.61%。按半年度比较，今年上半年网贷行业成交额13453.35亿元，环比下降31.58%，同比下降30.26%。随着监管的正本清源，网贷行业回归普惠金融的本质。数据显示，借款人借款余额在100万元以上的全国P2P网贷贷款余额占当期总网贷余额之比，从过去80%以上，到今年6月底已下降到23.47%。同时，截至6月底，借款人借款余额在20万元以上的网贷贷款余额6637.53亿元，环比降低20.25%；借款人借款余额在100万元以上的网贷贷款余额3601.78亿元，环比降低22.92%。在合规方面，截至6月底，全国有1610家P2P网贷机构直接与银行对接进行资金存管，同比增长64.29%。其中银行资金存管已经上线的有1123家，同比增长229.33%。全国801家网贷机构持有ICP经营许可证、或EDI证、或同时持有两证，同比增长29.61%。实际上，网贷行业中问题机构不断累积，风险事件时有发生。这些问题机构部分受资本实力及自身经营管理能力限制，当借贷大量违约、经营难以为继时，出现“卷款”、“跑路”等情况；部分机构销售不同形式的投资产品，规避相关金融产品的认购门槛及投资者适当性要求，在逃避监管的同时，加剧风险传播；部分机构甚至通过假标的、资金池和高收益等手段，进行自融、庞氏骗局，碰触非法集资底线。但是从今年上半年的情况来看，主动停业平台多于问题平台。说明乱象经过整治在上半年已得到有效遏制。“大部分网贷机构偏离信息中介定位以及服务小微和依托互联网经营的本质，异化为信用中介，存在自融自保、违规放贷、设立资金池、期限拆分、大量线下营销等行为。今年上半年大部分网贷机构已经逐渐回归信息中介定位、以及服务小微和依托互联网经营的本质”中国P2P网贷指数课题组负责人胡尔义对《证券日报》表示。事实证明，网贷机构只要合规、只要脚踏实地做好风控，专注并整合于综合信息中介服务，就有可能真正长久稳定持续运营，在这个行业拥有一席之地。,20180630,30,06,"[""银行""]",网贷行业上半年成绩单凸显整治效果 “快、偏、乱”三大行业怪象得到改善,2018
7月1日，昆明市人民政府办公厅印发《关于进一步稳定商品住房市场有关问题的通知》(通知)。通知指出，为认真贯彻落实党中央、国务院决策部署，坚持“房子是用来住的、不是用来炒的”定位，坚持调控政策的连续性和稳定性，进一步稳定昆明市商品住房市场。在主城五区和三个国家级开发(度假)园区范围内实施住房限购政策，非本省户籍且年满十八周岁同一身份自然人限购1套新建商品住房。7月1日，昆明市人民政府办公厅印发《关于进一步稳定商品住房市场有关问题的通知》(通知)。通知指出，为认真贯彻落实党中央、国务院决策部署，坚持“房子是用来住的、不是用来炒的”定位，坚持调控政策的连续性和稳定性，进一步稳定昆明市商品住房市场。在主城五区和三个国家级开发(度假)园区范围内实施住房限购政策，非本省户籍且年满十八周岁同一身份自然人限购1套新建商品住房。主城五区和三个国家级开发(度假)园区实施住房限购政策通知明确，在昆明市五华区、盘龙区、官渡区、西山区、呈贡区、高新技术产业开发区、经济技术开发区、滇池旅游度假区(“主城五区和三个国家级开发(度假)园区”)范围内，暂停向已拥有上述区域内1套及以上住房(含新建商品住房、存量住房)的非本省户籍人士销售新建商品住房；暂停向未满十八周岁非本省户籍人士销售新建商品住房。在上述区域内无住房(含新建商品住房、存量住房)的非本省户籍且年满十八周岁同一身份自然人限购1套新建商品住房。商品住房实际销售价格不得高于预售价格通知规定，在主城五区和三个国家级开发(度假)园区范围内，新申办商品住房预售许可证项目的房源和2017年1月1日后已取得商品住房预售许可证项目的未售房源(未网签)，须接受商品住房销售价格(含装修价格)管理。商品住房预售许可证发证机关具体负责商品住房销售价格管理。新申办商品住房预售许可证项目的房源，应当同时申报预售价格，其预售价格应参照同区域、同项目、同品质、同类型新建商品住房合同网签备案价格确定；2017年1月1日后已取得商品住房预售许可证项目的未售房源(未网签)，其预售价格应参照本通知下发之日起最近一个月的同项目、同品质、同类型新建商品住房合同网签备案价格确定。严格执行新建商品住房“一房一价”明码标价制度。房地产开发企业接受商品住房销售价格管理后，须在10日内一次性公开全部可售房源及预售价格。商品住房实际销售价格不得高于预售价格，不得以“价外加价”等方式超出预售价格对外销售，不得收取任何未予标明的费用。自接受商品住房销售价格管理6个月内，每月实际销售均价不得高于同项目、同品质、同类型最近一个月的商品住房合同网签备案均价。预售价格6个月后方可申请调整，且每12个月内，商品住房合同网签备案均价上浮不得超过6%。对不接受商品住房销售价格管理的房地产开发企业，暂停核发新建商品住房预售许可证，暂停办理商品住房现售备案手续，暂停办理新建商品住房买卖合同网签备案。提高中低价位、中小套型普通商品住房在新建商品住房供应中的比例通知要求，加快制定住房发展规划。结合昆明市经济社会发展水平，住房供需状况，人口变化情况，科学编制昆明市住房发展规划，明确住房发展重点和工作任务。积极推进土地供给侧结构性改革，加大普通商品住房用地供应力度，确保住宅用地供应平稳有序。统筹安排昆明市近3年的住房建设所需用地，根据商品住房库存消化周期，适时调整各县(区)住宅用地供应规模、结构和时序。对经省级认定的重点产业项目和分期建设的已开工城中村改造项目，对未动工建设的地块，由县(区)政府进行研究，根据项目人口规模及周边教育卫生配套情况，在不突破项目总用地、总建筑规模、容积率，满足公建配套、交通承载力的前提下，可由房地产企业于2018年12月31日前申请调整商住比例。切实提高中低价位、中小套型普通商品住房在新建商品住房供应中的比例。加强资金管控，降低企业杠杆率，强化土地抵押管理。对已核发过《商品房预售许可证》的同一《建设工程规划许可证》项目，6个月内未解除土地抵押的，不再核发新的《商品房预售许可证》。加快培育住房租赁市场，扩大保障性住房覆盖面培育发展租赁市场，积极完善“租购并举”住房制度，多渠道筹集公共租赁住房房源。进一步扩大保障性住房覆盖面，将城镇中等偏下收入住房困难家庭、具有全日制大学专科和非全日制本科及以上学历在昆就业创业人员、在城镇稳定就业的外来务工人员纳入住房保障范围。严肃查处房地产市场违法违规行为通知强调，加强房地产开发企业和房地产经纪机构商品房销售违法违规执法检查，严格查处不明码标价、违反“一房一价”规定、实际销售价格高于预售价格、恶意炒作、哄抬房价、炒买炒卖等违法违规行为。,20180701,01,07,"[]",昆明住房限购政策：非云南省户籍自然人限购1套,2018
国家发展改革委、商务部30日发布《自由贸易试验区外商投资准入特别管理措施(负面清单)(2018年版)》。此次修订后，自由贸易试验区负面清单由2017年版95条措施减至2018年版45条措施。2018年版自由贸易试验区负面清单，在全国负面清单开放措施基础上，在更多领域试点取消或放宽外资准入限制。农业领域，将小麦、玉米新品种选育和种子生产外资股比由不超过49%放宽至不超过66%。采矿领域，取消石油、天然气勘探、开发限于合资、合作的限制，取消禁止投资放射性矿产冶炼加工与核燃料生产的规定。文化领域，取消演出经纪机构的外资股比限制，将文艺表演团体由禁止投资放宽至中方控股。增值电信领域，将上海自由贸易试验区原有28.8平方公里区域试点的开放措施推广到所有自由贸易试验区。国家发改委有关负责人说，本次修订自由贸易试验区负面清单，充分发挥自由贸易试验区“试验田”作用，在对外开放方面继续先行先试，探索更高水平的对外开放，为更大范围扩大开放、完善负面清单管理制度积累可复制可推广经验。2018年版自由贸易试验区负面清单自7月30日起施行，适用于所有自由贸易试验区。,20180630,30,06,"[]",2018年版自由贸易试验区负面清单减至45条,2018
上海实施离境退税三周年累计退税7000万元今年7月1日是上海实施境外旅客购物离境退税政策三周年的日子。资料显示，三年来，上海累计为4.8万余名境外旅客开具4.9万份退税申请单，办理退税7000万元，退税物品销售额达6.5亿元。今年7月1日是上海实施境外旅客购物离境退税政策三周年的日子。资料显示，三年来，上海累计为4.8万余名境外旅客开具4.9万份退税申请单，办理退税7000万元，退税物品销售额达6.5亿元。“我们一直在鼓励和引导有品牌影响力、竞争力和创新力的商店拓展离境退税业务，我们把‘服务送上门’，请商户把‘品牌引进来’！”上海市税务局有关负责人说，对于商户和代理机构，税务部门坚持定期送政策上门，面对面、手把手地为他们答疑解惑。据统计，目前上海市已有359家退税商户，集聚了中华老字号、海派特色商铺、时尚消费商场和国际高端品牌等复合多元、融合共生的商业业态，优化消费环境的政策效应持续体现。在上海虹桥国际机场，一位刚开具退税申请单的香港旅客说：“由于工作的关系，我经常往来沪港两地，亲眼见证了这里的离境退税商店越来越多，商品的种类也更加丰富多元，有世界名牌，更有国货精品。由于能享受离境退税的政策优惠，不少商品的价格比我在香港买还要便宜。”,20180701,01,07,"[]",上海实施离境退税三周年 累计退税7000万元,2018
6月30日中国物流与采购联合会公布数据显示，中国6月官方制造业PMI51.50，预期51.7，前值51.9；6月官方非制造业PMI55，预期54.8，前值54.9；6月官方综合PMI54.40，前值54.6。国家统计局认为，中国6月制造业PMI持续在扩张区间运行。周六(6月30日)中国物流与采购联合会公布数据显示，中国6月官方制造业PMI51.50，预期51.7，前值51.9；6月官方非制造业PMI55，预期54.8，前值54.9；6月官方综合PMI54.40，前值54.6。国家统计局认为，中国6月制造业PMI持续在扩张区间运行。一、中国制造业采购经理指数运行情况2018年6月份，中国制造业采购经理指数(PMI)为51.5%，比上月回落0.4个百分点，仍高于上半年均值0.2个百分点，制造业总体继续保持扩张态势。从企业规模看，大型企业PMI为52.9%，比上月回落0.2个百分点，保持在临界点之上；中型企业PMI为49.9%，比上月下降1.1个百分点，落至临界点以下；小型企业PMI为49.8%，比上月回升0.2个百分点，仍低于临界点。从分类指数看，在构成制造业PMI的5个分类指数中，生产指数、新订单指数和供应商配送时间指数高于临界点，原材料库存指数和从业人员指数低于临界点。生产指数为53.6%，低于上月0.5个百分点，仍处于扩张区间，表明制造业生产保持增长，增速有所放缓。新订单指数为53.2%，比上月回落0.6个百分点，继续高于临界点，表明制造业市场需求保持扩张，增幅有所收窄。原材料库存指数为48.8%，比上月下降0.8个百分点，位于临界点以下，表明制造业主要原材料库存量继续减少。从业人员指数为49.0%，微低于上月0.1个百分点，位于临界点以下，表明制造业企业用工量收缩。供应商配送时间指数为50.2%，高于上月0.1个百分点，位于临界点之上，表明制造业原材料供应商交货时间有所加快。二、中国非制造业采购经理指数运行情况2018年6月份，中国非制造业商务活动指数为55.0%，比上月上升0.1个百分点，高于上半年均值0.2个百分点，非制造业总体保持平稳向好的发展势头。分行业看，服务业商务活动指数为54.0%，与上月持平，服务业继续保持较快增长态势。从行业大类看，铁路运输业、航空运输业、电信广播电视和卫星传输服务、货币金融服务等行业商务活动指数均位于60.0%以上的高位景气区间，业务总量实现快速增长。道路运输业、资本市场服务、居民服务及修理业等行业的商务活动指数低于临界点，业务总量有所回落。建筑业商务活动指数为60.7%，比上月上升0.6个百分点，建筑业扩张步伐有所加快。新订单指数为50.6%，比上月回落0.4个百分点，仍位于临界点之上，表明非制造业市场需求增速有所放缓。分行业看，服务业新订单指数为50.3%，比上月微落0.1个百分点，继续高于临界点。建筑业新订单指数为52.6%，比上月回落1.6个百分点，位于临界点以上。投入品价格指数为53.5%，比上月回落0.7个百分点，高于临界点，表明非制造业企业用于经营活动的投入品价格总体水平涨幅有所收窄。分行业看，服务业投入品价格指数为52.1%，比上月回落1.2个百分点。建筑业投入品价格指数为61.7%，比上月上升2.3个百分点。销售价格指数为51.1%，比上月上升0.5个百分点，位于临界点以上，表明非制造业销售价格总体水平继续上涨。分行业看，服务业销售价格指数为50.5%，比上月上升0.3个百分点。建筑业销售价格指数为54.4%，比上月上升1.6个百分点。从业人员指数为48.9%，比上月下降0.3个百分点，低于临界点，表明非制造业从业人员数量收缩。分行业看，服务业从业人员指数为48.5%，比上月下降0.5个百分点。建筑业从业人员指数为51.2%，比上月上升1.2个百分点。业务活动预期指数为60.8%，比上月回落0.2个百分点，持续位于高位景气区间，表明非制造业企业对市场发展预期保持乐观。分行业看，服务业业务活动预期指数为60.3%，与上月持平。建筑业业务活动预期指数为63.6%，比上月回落1.5个百分点。三、中国综合PMI产出指数运行情况2018年6月份，综合PMI产出指数为54.4%，低于上月0.2个百分点，仍高于上半年均值0.3个百分点，继续位于临界点以上，表明我国企业当期生产经营活动总体延续平稳较快的扩张态势。对于本次数据，国家统计局服务业调查中心高级统计师赵庆河进行了解读，以下是解读全文：一、制造业采购经理指数持续在扩张区间运行今年以来，制造业PMI均在50.0%以上的景气区间运行，上半年均值为51.3%，本月制造业PMI为51.5%，比上月回落0.4个百分点，仍高于上半年均值0.2个百分点，制造业总体保持扩张。本月主要特点：一是制造业基本面总体向好。在调查的21个行业中，15个行业的PMI位于扩张区间，其中医药制造业、专用设备制造业、计算机通信电子设备及仪器仪表制造业PMI均位于54.0%以上的较高景气区间，保持较快增长。二是生产和需求总体稳步增长。生产指数和新订单指数分别为53.6%和53.2%，虽低于上月0.5和0.6个百分点，但仍高于上半年均值0.6和0.4个百分点，市场供需持续扩张。三是进出口景气度有所回落。新出口订单指数为49.8%，比上月下降1.4个百分点。进口指数为50.0%，低于上月0.9个百分点，制造业进出口总体有所放缓。四是价格指数继续上行。主要原材料购进价格指数为57.7%，高于上月1.0个百分点，连续两个月上升；出厂价格指数为53.3%，比上月上升0.1个百分点，为今年高点。其中黑色金属冶炼及压延加工业的主要原材料购进价格指数和出厂价格指数均升至70.0%以上，涨幅有所扩大。从企业规模看，大型企业PMI为52.9%，比上月回落0.2个百分点，仍为年内次高点，也是制造业保持稳步扩张的主要支撑；中型企业PMI为49.9%，比上月下降1.1个百分点；小型企业PMI为49.8%，比上月回升0.2个百分点。二、非制造业商务活动指数持续上升6月份，非制造业商务活动指数为55.0%，环比上升0.1个百分点，高于上半年均值0.2个百分点，该指数连续四个月稳步上升，表明今年以来非制造业总体上保持平稳向好发展势头。服务业保持较高景气水平。服务业商务活动指数为54.0%，与上月持平，高于上半年均值0.1个百分点，服务业继续保持较快增长态势。从行业看，铁路运输、航空运输、电信、银行等行业商务活动指数均位于60.0%以上的高位景气区间，实现快速增长。道路运输、证券、居民服务等行业的商务活动指数低于临界点，业务总量有所回落。从市场预期看，业务活动预期指数为60.3%，与上月持平。全部调查行业的业务活动预期指数均位于景气区间，表明服务业企业对未来市场发展预期普遍持积极乐观态度。建筑业扩张加快。今年以来建筑业保持快速增长，本月商务活动指数为60.7%，升至年内高点，且高于上半年均值0.7个百分点，其中房屋建筑业商务活动指数连续四个月上升，达到68.0%的较高水平。从价格看，在市场活跃度增强的驱动下，建筑业投入品价格指数和销售价格指数为61.7%和54.4%，分别比上月上升2.3和1.6个百分点，均为年内高点。三、综合PMI产出指数平稳扩张6月份，综合PMI产出指数为54.4%，低于上月0.2个百分点，但高于上半年均值0.3个百分点，处于较高扩张区间，表明我国企业当期生产经营活动总体延续平稳较快的扩张态势。其中，构成综合PMI产出指数的制造业生产指数和非制造业商务活动指数分别为53.6%和55.0%，环比一落一升。,20180630,30,06,"[""医药制造"",""专用设备"",""仪器仪表"",""银行""]",中国6月制造业PMI降至51.50 总体继续保持扩张态势,2018
央行网站消息，6月27日，中国人民银行货币政策委员会2018年第二季度(总第81次)例会在北京召开。记者根据央行网站公布的自1997年以来货币政策委员会例会召开时间计算，2017年第四季度例会为第80次，由此推断2018年第一季度未召开例会。与上次例会相比，本次例会对国内外经济金融形势的分析发生变化，另外提出货币政策“要松紧适度”“主动有序扩大金融对外开放，增强金融业发展活力和韧性”等建议。第一，国内外金融形势发生变化本次会议分析了国内外经济金融形势。会议认为，当前我国经济基本面良好，经济增长保持韧性，总供求总体平衡，增长动力加快转换。内需对经济的拉动不断上升，外贸依存度显著下降，应对外部冲击的能力增强。稳健中性的货币政策取得了较好成效，结构性去杠杆稳步推进，金融风险防控成效初显，金融对实体经济的支持力度较为稳固。国内经济金融领域的结构调整出现积极变化，但仍存在一些深层次问题和突出矛盾，国际经济金融形势更加错综复杂，面临一些严峻挑战和不确定性。而2017年第四季度例会对国内外经济金融形势分析为：当前我国经济金融运行稳中向好，但面临的形势依然错综复杂。全球经济逐步复苏，主要发达国家复苏总体延续，部分新兴经济体仍面临挑战，国际金融市场存在风险隐患。第二，提出货币政策“要松紧适度”本次会议指出，要继续密切关注国际国内经济金融走势，加强形势预判和前瞻性预调微调。稳健的货币政策保持中性，要松紧适度，管好货币供给总闸门，保持流动性合理充裕，引导货币信贷及社会融资规模合理增长。继续深化金融体制改革，健全货币政策和宏观审慎政策双支柱调控框架，疏通货币政策传导渠道。而上次会议中，提到关于货币政策时表述为“密切关注国际国内经济金融运行最新动向和国际资本流动的变化，坚持稳中求进工作总基调，适应经济发展新常态，实施好稳健中性的货币政策，切实管住货币供给总闸门，综合运用多种货币政策工具，保持货币信贷及社会融资规模合理增长，维护流动性合理稳定，提升金融运行效率和服务实体经济能力，有效控制宏观杠杆率。”第三，提出“主动有序扩大金融对外开放”本次会议提出，“按照深化供给侧结构性改革的要求，优化融资结构和信贷结构，提升金融服务实体经济能力。主动有序扩大金融对外开放，增强金融业发展活力和韧性。”在上次会议中表述——“按照深化供给侧结构性改革的要求，优化融资结构和信贷结构，提高直接融资比重。继续深化金融体制改革，健全货币政策和宏观审慎政策双支柱调控框架，深化利率和汇率市场化改革，加强和完善风险管理，守住不发生系统性金融风险的底线”略有区别。本次会议强调，坚持稳中求进工作总基调，综合运用多种货币政策工具，把握好结构性去杠杆的力度和节奏，促进经济平稳健康发展，稳定市场预期，打好防范化解金融风险攻坚战，守住不发生系统性金融风险的底线。本次会议由中国人民银行行长兼货币政策委员会主席易纲主持，货币政策委员会委员连维良、刘伟(财政部)、陈雨露、刘国强、宁吉喆、郭树清、刘士余、潘功胜、田国立、刘世锦、马骏出席会议。丁学东、刘伟(中国人民大学)因公务请假。中国人民银行上海总部、天津分行、西安分行负责同志列席会议。近期委员会完成人员调整6月15日，国务院办公厅发布了关于调整中国人民银行货币政策委员会组成人员的通知，在宣布新任央行行长易纲正式接棒周小川担任主席的同时，有6名新进委员，7名委员不变。财政部副部长刘伟、人民银行副行长陈雨露、清华大学金融与发展研究中心主任马骏、人民银行行长助理刘国强、中国发展研究基金会副理事长刘世锦、中国人民大学校长刘伟等加入中国人民银行货币政策委员会。,20180629,29,06,"[""银行"",""和信贷""]",央行货币政策委员会二季度例会传递了什么信号？,2018
为深入贯彻党的十九大精神，进一步深化收入分配制度改革，强化收入分配政策激励导向，通过重点群体激励，带动全省城乡居民增收，近日，山西结合本省实际，制定了《山西省激发重点群体活力带动城乡居民增收的实施方案》方案。到2020年，城镇就业规模逐步扩大，劳动生产率不断提高，就业质量稳步提升，坚持在经济增长的同时实现居民收入同步增长、在劳动生产率提高的同时实现劳动报酬同步提高，居民可支配收入占地区生产总值的比重不断提高。据了解，针对技能人才、新型职业农民、科研人员、小微创业者、企业经营管理人员、基层干部队伍、有劳动能力的困难群体七类群体，山西省出台差别化的收入分配激励政策，带动全省城乡居民收入增长。实施激励具体措施：(一)实施技能人才激励。完善技术工人薪酬激励机制，推进落实国家职业资格制度改革任务，建立完善工人技术标准体系，加大对技能要素参与分配的激励力度，进一步落实好享受省政府津贴高级技师和“三晋技术能手”待遇政策；对依法参加失业保险并累计缴费3年以上，自2017年1月1日起取得初级、中级、高级职业资格证书或职业技能等级证书的企业职工，从失业保险基金中给予技能提升补贴；研究制定《三晋首席技师评选管理办法》，鼓励企业按照工人技能水平确定工资待遇，积极试行年薪制、股份制、期权制等分配方式，提升技能人员收入水平；贯通职业资格、学历等认证渠道，积极落实职业资格和职业教育学历“双证书”制度，根据国家部署安排，建立职业资格与相应的职称、学历可比照认定制度，落实高技能人才与工程技术人才职业发展贯通办法；健全青年技能人才评价选拔制度，适当突破年龄、资历和比例等限制，完善技能人才评价使用机制；积极参加世界技能大赛选拔赛和国家级各类职业技能大赛，定期组织开展全省各类职业技能大赛，对优胜者给予奖励；鼓励各市对重点领域紧缺的技术工人在城市落户、购租住房、子女入学等方面给予支持；对评选命名的“三晋首席技师”给予政府高技能人才补助，纳入山西省高层次人才库，与省级学术技术带头人同等参加政府组织的培训、省情国情考察、咨询、休假、健康体检等活动。(二)实施新型职业农民激励。加强新型职业农民教育培训，将新型职业农民培育纳入山西省“十三五”教育培训发展规划，支持相关高校和职业学校办好涉农专业；完善助学和培训补贴政策，大力推广“送教下乡”“田间课堂”“流动课堂车”等培训新模式，使农民就地就近接受职业教育培训；继续实施现代青年农场主培养计划，全省每年培训500名现代青年农场主；组织实施新型农业经营主体带头人轮训计划，用5年时间对该省农民合作社骨干、家庭农场经营者、种养大户、农业企业负责人等新型经营主体带头人轮训一遍，促进新型农业经营主体和新型职业农民“两新”并行、“两新”融合，加快构建现代农业生产经营者队伍；大力培育农业经营主体开展农业社会化服务，鼓励职业农民采用节本增效技术，提高农业废弃物综合利用效益；加快完善农业信贷担保体系，开设适合新型职业农民的信贷产品和特色农业保险，支持农民发展现代农业；搭建招商引资平台和政银企合作平台，充实完善省级特色农产品产业支撑项目库，通过项目贷款贴息等方式撬动金融和社会资本投入现代农业建设；因地制宜发展休闲观光农业，举办全省休闲农业和乡村旅游推介活动，推进全省“农家乐”标准化建设；积极推动“互联网+”现代农业，大力发展农产品电子商务。“十三五”期间，全省重点扶持50个农产品电子商务发展重点县，推动省级农业龙头企业实现网上销售，发展以电子商务为主要营销手段的新型农业经营主体，加快“三品一标”农产品电子商务销售，开展农村电子商务培训，在新型职业农民中每年培养1000名农村电子商务人才，积极探索多种农产品电商促销活动，扩大山西特色农产品知名度，促进农业产业发展和农民增收；以放活土地经营权为重点，积极引导土地经营权向新型职业农民领办创办的农民合作社、家庭农场流转，鼓励其发展适度规模经营；开展新型农业经营主体示范创建活动，给予相应的政策倾斜和资金扶持；支持农民工返乡创业，通过创业带动更多农民就业，鼓励新型职业农民领办的合作社承担资产收益扶贫试点任务，带动贫困农户增加资产收益，对新型职业农民领办的畜牧养殖产业，在同等条件下予以优先政策扶持；完善被征地农民合理、规范、多元保障机制，深化农村土地制度改革，规范农村集体经营性建设用地产权管理，建立兼顾国家、集体和个人土地增值收益分配机制，合理提高个人收益，提高农民在土地增值收益中的分配比例。(三)实施科研人员激励。改革收入激励机制，科研机构、高等院校、医院等事业单位的绩效工资总量，可按不超过无收入财政拨款事业单位绩效工资总量的5倍核定，实行以增加知识价值为导向的收入分配激励政策；探索开展科研机构、高等院校、医院等事业单位高层次人才年薪制、协议工资制、项目工资制试点；高等院校、科研机构科技成果转移转化取得的净收入，按不低于70%的比例奖励课题负责人、骨干技术人员和研发团队；鼓励各类企事业单位通过股权、期权、分红等方式，有效调动科研人员创新创造创业积极性；省政府设立“山西省优秀人才突出贡献奖”和“山西省人才工作贡献奖”，定期表彰奖励为我省经济社会发展作出突出贡献的优秀人才和团队；各级政府要确保人才发展资金投入力度到位、优先可持续增长。到2020年，省市县三级财政人才专项资金要高于全国平均水平、领先中部六省；赋予科研机构、高等院校在经费预算调剂、支出结构调整、科研设备采购、差旅会议管理等方面更大的自主权；对横向经费和纵向经费实行差异化审计，科研人员劳务费开支不设比例限制；试行科研项目牵头人或单位先行自主融资、政府全额担保贴息、科研成果收益偿还与政府宽容失败、共担风险政策相结合的新机制；省财政安排专项资金，重点为转型综改示范区、山西“农谷”和战略性新兴产业培育、能源产业创新、传统优势产业提质、现代服务业发展、特色现代农业增效、“双创”孵化新产业新业态等六大工程领域引进急需的科研创新领军人才及团队，参照引进同类人才时各省的最高标准给予科研经费、安家费和生活津贴补助；科研机构和高等院校可根据本单位实际情况，支持科研人员在履行好岗位职责、完成本职工作、维护单位技术秘密和单位利益基础上，本人提出申请、经单位同意、并在单位内部公示后，可在外兼职并取得合法收入，鼓励科研人员公益性兼职，积极参与决策咨询、科学普及等活动；支持科研机构、高等院校专业技术人员携带科研项目或科技成果离岗创业，离岗创业期间的人事管理、社会保险、工资待遇等问题按山西省相关规定执行。(四)实施小微创业者激励。深化商事制度改革，进一步放宽市场主体住所登记条件，实行住所申报承诺制，推动一址多照、集群注册等住所登记改革，推进“多证合一”改革，推行“一套材料、一表登记、一窗受理”登记模式，稳步推进企业登记全程电子化，开发网上申请、受理、审核、公示、发照全流程电子化系统，积极稳妥组织开展试点工作；在国家级和省级创业型城市、县开展一次性创业补贴试点工作，对高校毕业生自主创业并带动3人以上就业且正常经营1年以上的，根据带动就业人数给予每人不超过1000元的一次性创业就业补助；落实小微企业吸纳劳动者就业的各项补贴政策和税费优惠政策；支持政府出资引导社会资本投入，设立高校毕业生就业创业基金，为符合产业发展方向的大学生自主创业项目提供风险投资、股权投资、融资贷款担保等服务；对创业失败的失业登记人员及时提供技能培训、职业介绍、社保补贴等服务；对公共就业创业服务机构和高校开展创业服务的，可采取政府购买服务的方式，给予就业创业服务补贴；支持社会机构提供公益性就业创业服务，按规定给予职业介绍补贴和创业服务补贴；以“互联网+”思维引领，加快建设全省统一、互联互享的公共就业创业服务平台，加快推进各项公共就业创业服务从线下向线上拓展，加快实现就业创业服务信息化；落实各类创业载体的补贴、奖补等政策，为创业者提供指导服务和政策扶持，对入驻创业孵化基地的创业企业，根据需要可适当延长孵化周期，参照创业服务补贴标准给予补贴，对同一创业实体给予延长期限的创业服务补贴时间不超过2年，对创业孵化数量多、创业孵化效果好的创业孵化基地，可从就业专项资金中给予奖补。(五)实施企业经营管理人员激励。完善国有企业经营管理人员激励方式，健全国有企业领导人员薪酬激励机制，对市场化选聘的职业经理人实行市场化薪酬分配机制，鼓励现有经营管理者与职业经理人身份转换；完善企业经营管理人员经营业绩考核办法，将工作职责、经营业绩、风险承担与企业经营管理人员薪酬激励全面挂钩，业绩升、薪酬升，业绩降、薪酬降；实施“优秀企业家培育工程”，开展优秀企业家评选表彰活动，注重从政治上、精神上予以激励；放开民间投资领域，实行“非禁即入”，不得在国家法律法规规章和标准之外设置行业准入、市场准入门槛，打通民营资本投资渠道，不得针对民营企业在注册资本、投资金额、产能规模、土地供应、采购招投标等方面设置门槛，推动全领域、全产业链向民间资本开放，发挥民营企业创新转型投资基金作用，重点支持民营企业创新转型优质项目；不断完善省、市、县三级政银企合作机制，每年不定期推选公布金融机构重点扶持民营企业名单；依法保护民营企业的财物权、经营权、知识产权等合法权益，严厉打击侵权行为。(六)实施基层干部队伍激励。完善工资制度，提高基本工资在工资性收入中的比重，落实基本工资正常调整机制；完善作为激励手段和收入补充的津贴补贴制度，落实艰苦边远地区津贴标准正常调整机制，实施地区附加津贴制度，根据地区经济社会发展、物价消费水平等差异，适当参考企业相当人员工资水平，将规范后的工作性津贴和生活性补贴纳入地区附加津贴，实现同城同待遇；完善乡镇工作人员乡镇工作补贴制度，进一步提高在县(市、区)政府所在地以外乡镇工作的机关、事业单位工作人员补贴标准，各市、县(市、区)可根据财力水平对在艰苦边远乡镇工作的工作人员继续提高补贴标准；健全公务员绩效考核体系，年度考核结果与工资收入挂钩，完善公务员奖金制度，强化省政府统筹调控责任，赋予市县一定的考核奖励分配权，重点向基层一线人员和业绩突出人员倾斜；落实县以下公务员职务与职级并行制度，充分发挥职级对基层公务员的激励作用；按照国家规定，规范各项福利待遇名称、发放标准和发放范围，推进公务员职务消费和福利待遇货币化改革，规范改革性补贴，形成以货币福利为主、实物福利为补充的福利体系，符合条件的乡镇公务员可以按规定纳入当地住房保障范围，为符合条件的公立医院医务人员就近提供公租房保障。(七)实施有劳动能力的困难群体激励。增强自身脱困能力，对有劳动能力和就业意愿的困难群体，围绕当地产业发展和劳务输出市场需求，实施精准技能培训，重点做好建档立卡农村贫困劳动力免费职业培训工作；发挥各类就业服务机构作用，通过提供政策咨询、岗位推荐、跟踪服务等手段，落实社保补贴、岗位补贴等扶持政策，促进就业困难群体实现就近就地就业和转移就业；对自主创业的，加强创业指导服务，落实相应税费减免、财政补贴和创业担保贷款等扶持政策；发挥地方特色劳务品牌效应，采取标准化培训服务模式，辐射带动全省劳务品牌输出区域化、产业化发展；抓好区域性劳务协作，优先将吕梁、太行两大连片特困地区和10个深度贫困县纳入山西省与京津冀、长三角劳务协作范围，支持跨省转移就业；试行劳务输出人员“员工制”管理，科学处置劳动关系，构建稳定社保关系，实现稳定就业增收；支持推动特色种植、养殖、农产品加工和乡村旅游等产业发展，以“一村一品一主体”为载体，加大龙头企业、农民合作社、专业大户、家庭农场、社会化服务体系等市场主体的培育力度，重点完善扶贫利益联结机制，推进产业扶贫到村到户；深化财政专项扶贫资金和其他涉农资金股权化改革，依托各类新型农业经营主体，探索各具特色的资产收益扶贫模式，让更多贫困户获得财产性收入；健全完善低保与就业、扶贫开发等政策的有效衔接，鼓励、引导具备就业能力的困难人员积极就业，增强其就业动力；健全完善低保对象认定办法，对实现就业的低保对象，在核算其家庭收入时可扣减必要的就业成本，并给予3个月的低保缓退期，增强其就业意愿和就业稳定性，具备劳动能力、劳动条件但未就业的低保对象，无正当理由连续3次拒绝接受有关部门介绍的与其健康状况、劳动能力相适应的工作的，减发或停发其本人的低保金；完善相关专项救助制度，进一步健全以最低生活保障、特困人员供养、受灾人员救助、医疗救助、教育救助、住房救助、就业救助、急难救助和社会力量参与为主要内容的社会救助体系，落实各项帮扶政策，加强专项救助与低保救助制度的统筹衔接，在重点保障城乡低保对象、特困人员的基础上，将医疗、教育、住房等专项救助向建档立卡贫困户家庭、低收入家庭或其他有特殊困难的家庭延伸，形成阶梯式救助模式。,20180630,30,06,"[""保险"",""农产品"",""职业教育""]",山西：激发“人才”活力  带动“城乡居民”增收,2018
“民营银行做普惠，真的比那些几十年的大银行更厉害？”相信有不少人有着类似疑问。实际上，“补位”小微企业、“三农”等普惠金融领域，就是民营银行诞生的初衷。据了解，当前17家民营银行均开设普惠金融业务，其中8家已明确将普惠金融作为主营业务。在网商银行行长黄浩看来，目前中国的普惠金融市场远不到“竞争拼抢”的程度，而是通过合作做大市场供给。“普惠金融就需要众人拾柴火焰高的劲头。”的确，在监管政策引导下，越来越多的传统大中型商业银行也在普惠金融领域做得风生水起。民营互联网银行做普惠金融最大的优势是通过金融科技提升效率。网商银行为有贷款需求的农户提供“旺农贷”。仅需在当地农村淘宝服务网点工作人员的帮助下，进入“旺农贷”无线端进行申贷，申贷时提供身份信息以及相应的土地、房屋或者门店的资产证明。网商银行在审核通过后实时放款。合作的“旺农贷”产品已累计放款超过3.5亿元，服务农户超过2万人。另外，扎根本土、水土相符也是民营银行在普惠金融领域“制胜”的法宝。在以经商闻名的温州，越来越多小微企业习惯了温州民商银行的相伴。一位小微企业主说：“我们公司小，没法从大银行借到钱买厂房，只能每年花近20万元租厂房，每到年末资金紧张时很难熬。现在有了温州民商银行支持小微企业，我从中贷到资金买了自己的厂房，按揭要比过去每年的租金便宜多了。”而从传统大行角度来说，虽然没有民营银行的“黑科技”，但大行们也凭借自身资金实力、网点优势等向普惠金融领域加速渗透。在海南，国有大行提供的免担保贷款服务帮助大量渔民脱贫。与网商银行依托阿里巴巴强大的大数据风控能力不同，在普惠金融领域布局最早的邮储银行探索出信贷员模式，从线下克服风控难点。“只要农户需要，我们就去农户家中走访；只要渔民需要，我们就到渔船上去。只有经过实地走访，我们才能保证贷款的安全性。”邮储银行基层信贷员吕赛玲说。“自从被评选为信用村后，门槛下降、受益面扩大。”新盈安全村党支部书记黄肖柏表示，村民向邮储银行申请贷款不再需要寻找联保户，只需要利用“村两委”熟悉全村情况的优势，经过交叉印证，即可放贷。现在邮储银行会根据客户时间，在休渔期安排上门，并且针对老客户，直接带合同上门，切实满足渔民的贷款需求。中和农信总经理刘冬文建议，下一步需建设中国普惠金融生态体系，形成包括政策制定部门、监管部门、行业实践者、评级公司、投资公司等机构建设良好的普惠金融生态体系。与此同时，需要留更多空间给创新型金融机构，用特定模式和创新型产品，高效率、低成本地为中低收入人群提供方便快捷的服务。,20180629,29,06,"[""邮储银行"",""银行"",""阿里巴巴""]",普惠金融 众人拾柴火焰高,2018
据水利部的消息，南水北调中线工程从4月起开始向沿线受水区河北、河南等地进行首次大规模生态补水，截至06月30日，全面完成补水任务，累计补水8.68亿立方米。,20180701,01,07,"[]",南水北调中线工程首次完成向北大规模生态补水,2018
据人力资源社会保障部网站消息，近日，人力资源社会保障部解决企业工资拖欠问题部际联席会议通报各省、自治区、直辖市和新疆生产建设兵团2017年度保障农民工工资支付工作考核情况，并对考核等级为C级的三省区人民政府负责同志进行约谈，督促落实属地监管责任。党中央、国务院高度重视保障农民工工资支付工作，中央领导同志对此多次作出重要指示批示，提出明确要求。为进一步落实地方政府属地监管责任，切实保障农民工劳动报酬权益，力争到2020年实现农民工工资基本无拖欠的工作目标，国务院办公厅于去年12月印发《保障农民工工资支付工作考核办法》(国办发〔2017〕6号)，决定从2017年到2020年，每年对各省级政府开展一次考核，于考核年度次年年初开始，4月底前完成。考核工作在国务院领导下，由解决企业工资拖欠问题部际联席会议负责实施。考核结果分为A、B、C三个等级，报经国务院同意后，由部际联席会议向各省级政府通报，并抄送中央组织部，作为对各省级政府领导班子和有关领导干部进行综合考核评价的参考。同时，对考核等级为A级的，由部际联席会议予以通报表扬；对考核等级为C级的，由部际联席会议对该省级政府有关负责人进行约谈，提出限期整改要求。目前，2017年度考核工作已经完成。经国务院审定同意，10个省(市)被评为A级，18个省(区、市)和新疆生产建设兵团被评为B级，3个省(区)被评为C级。近日，部际联席会议将考核结果向各省级政府进行了书面通报，并约谈了考核等级为C级的三省区政府负责同志。通报指出，过去一年来，各地区认真贯彻落实党中央、国务院关于全面治理拖欠农民工工资问题的决策部署，狠抓政策落实，强化监管责任，推动保障农民工工资支付工作取得新的明显成效，拖欠农民工工资问题高发多发的态势进一步得到遏制。但从考核情况来看，不同地区之间这项工作开展不平衡，各地区都不同程度存在一些问题，有的还比较突出。需要重点解决的问题是，按月足额支付工资、农民工实名制管理、工资保证金、农民工工资专用账户管理等保障工资支付的制度措施还没有全面落地，政府投资工程项目欠薪问题仍较为突出，属地监管责任需要进一步落实。约谈强调，各地区特别是被约谈地区要切实提高政治站位，增强“四个意识”，按照党中央、国务院决策部署，强化落实属地和部门责任，带着对农民工的深厚感情，进一步加大保障农民工工资支付工作力度。约谈要求，三省区人民政府要坚持求真务实，突出问题导向，从严整改落实，对存在问题举一反三，梳理问题、聚焦问题、刨根问题，采取有针对性的措施解决问题。要坚持标本兼治，强化综合治理，把功夫真正下在平时，进一步完善体制机制，提高治欠保支工作的系统性、科学性、实效性。特别是要加强欠薪源头治理，大力清理规范工程建设领域市场秩序，加强政府投资工程项目资金管理；同时，进一步加强劳动保障监察执法，加大对欠薪违法行为的惩戒力度，用好用足拖欠农民工工资“黑名单”管理和联合惩戒机制，让欠薪者付出更大代价，对拖欠农民工工资行为形成震慑。被约谈地区应在两周内制定报送整改方案，部际联席会议办公室将督促落实。约谈会上，三省区政府负责同志作了表态发言，表示诚恳接受约谈，全部认领问题，举一反三、追根溯源，认真制定整改方案，坚决全面进行整改，变压力为动力，全力以赴做好保障农民工工资工作，确保打赢治欠保支攻坚战。,20180628,28,06,"[""工程建设""]",人社部：三个省份因保障农民工工资支付工作考核C级被约谈,2018
6月24日，西安宣布在限购区域暂停企事业单位购买住房，此乃全国首例。紧随西安的脚步，25日和26日，长沙和杭州也快速发布了类似政策。在接受媒体采访时，西安市房管局负责人表示，暂停企业购买是为了“防止以企业名义投机炒房。”业内分析人士认为，市场行情一旦过热，极易引起投资、投机性需求的介入，而当这类需求对未来市场的价格上涨预期达到一定高度，就会不惜采用在税收和转售方面受到限制的企业名义购房，最后进一步加剧供求关系的紧张。因此，市场行情过热、房价上涨压力较大的城市，对企业购房住宅加以限制，是十分必要的措施。三城市企业买房被暂停6月24日，西安住房保障和房屋管理局发布通知，将暂停企业在限购区域内购买商品住房(含商品住房和二手住房)。对于暂停企事业单位购买住房的主要原因，是防止以企业名义投机炒房。紧随其后，25日，长沙出台规定，进一步加强商品住房(含新建商品住房和二手住房)购买资格审查，暂停企业在限购区域内购买商品住房，已购买的商品住房须取得不动产权属证书满5年后方可转让。而在26日，杭州也提出在住房限购区域范围内，暂停向企事业单位及其他机构销售住房(含商品住房和二手房)，并要求市住保房管部门对相关政策进一步研究完善。记者注意到，作为首批发布暂停企业买房政策的城市，杭州、长沙、西安共同的特点就是都发布并实施了摇号选房政策。此前有媒体报道称，杭州九龙仓·珑玺项目在6月25日晚间摇号结果公示之后，有人发现同一法定代表人名下3家公司参加了珑玺项目摇号且全中的情况。而且，这3家公司参加了近期多个楼盘的摇号，不止中签了珑玺这一个项目，从而引起争议。在接受中新社记者采访时，西安市房管局负责人表示，暂停企业购买是为了“防止以企业名义投机炒房。”而长沙市住建委主任王伟胜在接受中新社记者采访时也表示，当前长沙楼市调控的主要矛盾并非供需矛盾，而是炒房和反炒房的矛盾。他强调，要“坚决遏制投机炒房，保障刚性购房需求。”杭州市住保房管局官方微信公众号则在发布暂停企事业单位购买住房相关消息时也作出说明，表示“关于九龙仓珑玺项目公证摇号公开销售过程中出现三家企业同时中签的情况，引起了网民的较大关注。”业内人士认为，这也在一定程度上说明，这些城市的楼市库存相对紧张。易居研究院之前的数据显示，杭州、长沙、西安4月份的新建商品住宅的存销比分别为2.8个月、9.8个月和11.5个月。企业投资房产比例上升漏洞初显随着近一两年限购政策的不断加码，不少没有购房资格的人群辗转以企业名义购房，使得企业投资房地产比例明显上升。Wind数据显示，截至2018年一季度，投资房地产的上市公司数量已增至上千家，总共持有投资性房产市值超过9000亿元。投资性房产并不包括自用房地产，以及作为存货可销售的房地产。易居研究院智库中心研究总监严跃进表示，此次杭州明确提出企业限购政策，很大程度上也和企业购房现象干扰了市场交易秩序有关。严跃进认为，这也说明当前此类管控的政策思路极为务实，未来预计会形成比较系统的政策内容。从杭州的政策表述看，其对于此类限购区域范围内，明确提出了企事业单位和相关机构的购房资格认定，即此类机构不允许认购新房和二手房，思路和此前西安、长沙的市场逻辑类似，都体现了当前重视房地产市场的稳定发展和防范炒房现象出现。严跃进还认为，限制企业购房政策未来有在全国有推广的可能。链家市场分析师赵葆根表示，市场的过热行情，极易引起投资、投机性需求的介入，而当这类需求对未来市场的价格上涨预期达到一定高度，就会不惜采用在税收和转售方面受到限制的企业名义购房，最后进一步加剧供求关系的紧张。因此，市场行情过热、房价上涨压力较大的城市，对企业购房加以限制，是十分必要的措施。他还表示，大量企业购房渗入住宅市场，也影响了商品房销售的公平性。摇号购房政策的出台，初衷是为了商品房销售的公正透明，理应根据实际情况，对其中的漏洞加以补救。未来或有更多城市出台类似政策业内人士透露，企业买房在热点城市并不鲜见。记者昨日致电天河一即将开盘的新项目，销售人员表示，只要是国内注册的公司都可以购买房产，但必须“一次性付款”，并表示，该楼盘也有一些客户是以公司名义买的房。同策顾问首席分析师张宏伟表示，为了规避限购风险，不少城市都出现了以企业形式购房的现象，如今可能被逐个叫停，可以预见的是，暂停企业购房这一方面的政策加码，将会影响中心城区的优质物业，因为“曲线买房”的目标大多都是市中心的高端住宅，而郊区的主要是以刚需买家为主。严跃进表示，未来对于一人注册公司将会有较为明显的管控，同时预计在全国省会城市和重点地级市都会推进“禁公司购房”的类似政策，或在企业购房方面增加部分协议等。张宏伟还预测，未来更多城市会加码调控政策，也进一步说明了政策没有松动的可能性，从政策调整的趋势来看，调控范围还会扩大到更多的三四线城市。限购三城市企业限购内容西安在住房限购区域范围内，暂停向企事业单位及其他机构销售住房(含商品住房和二手住房)。长沙进一步加强商品住房(含新建商品住房和二手住房)购买资格审查。暂停企业在限购区域内购买商品住房，已购买的商品住房须取得不动产权属证书满5年后方可转让。杭州在住房限购区域范围内，暂停向企事业单位及其他机构销售住房(含商品住房和二手房)，市住保房管部门对相关政策将进一步研究完善。企业购置房产需一次性付款地产经济学家邓浩志告诉记者，按日前相关规定，公司分为注册在境内的公司以及注册在境外的公司，注册在境内的公司购买房屋类型和套数不受限制，而对于注册在境外的公司，2010年外汇局发布的《关于进一步规范境外机构和个人购房管理的通知》规定，在境内设立分支、代表机构的境外机构只能在注册城市购买办公所需的非住宅房屋。“但是以公司名义买房，虽然能规避限购政策，但因为绝大多数银行的按揭贷款业务仅针对个人买房者，企业购置房产需一次性付款，这意味着初始的投入成本很高。要到取得产权证后，才能进行抵押贷款。”此外，如果仅仅为了注册公司买房，还需要面临多达11项的资料证明，比如经年检的企业法人营业执照或事业单位法人证书、批准该法人或其他组织成立的文件、法定代表人或负责人的合法身份证件、地税税务登记证副本或金融许可证等。,20180628,28,06,"[""房地产"",""银行""]",西安、长沙、杭州相继暂停企业购房 三天三城叫停企业购房,2018
为进一步扶持小微企业融资，央行于6月24日宣布自7月5日起进行定向降准。6月25日央行、银保监会、证监会、发改委、财政部等五部门联合印发《关于进一步深化小微企业金融服务的意见》(《意见》)，从货币政策、监管考核、内部管理、财税激励、信用建设等方面提出23条短期精准发力、长期标本兼治的具体措施，缓解小微企业融资难融资贵。久旱的小微企业融资有望迎来政策的甘霖。一、定向降准与深化小微企业金融服务有利于缓解小微企业经营困难，稳定企业信心和预期由于正规金融机构对小微企业支持力度不足，小微企业融资更多依靠民间资金，但民间融资成本远高于银行贷款利率。金融机构一般贷款加权平均利率在6%左右，P2P网贷利率约9.6%，温州民间借贷登记利率超过15%，小额贷款公司等类金融机构利率则为15%至20%。今年以来，我国社会融资规模增长有所放缓，5月末，社会融资规模存量同比增长10.3%，比去年同期下降2.6个百分点；前5个月社会融资规模增量7.91万亿元，比去年同期少增1.47万亿元。社会融资增长放缓，作为“弱势群体”的小微企业也受到影响。由于监管加强，民间借贷、网络借贷活跃程度明显降低，越来越多的小微企业陷入窘境。近年来，我国经济企稳且韧性增强，但小微企业景气度仍偏低。2012年以来，国家统计局公布的小型企业PMI多数时间在50%的荣枯线以下运行，今年6月为49.6%，比上月下降0.7个百分点。此次降准和《意见》出台对于缓解小微企业融资困境可谓“及时雨”。政策集中发力、综合施策将提振小微企业的预期和信心，缓解企业的经营压力。二、“正向激励+考核约束”推动正规金融机构提升对小微企业的金融支持小微企业存在规模小、实力弱、缺乏合格的抵质押和担保物、信用度较低、抗风险能力差、生命周期偏短等问题，在融资方面面临的困难自然要比大型企业更为突出。正规金融机构对小微企业金融支持力度不足也情有可原。此次出台的定向降准、税收激励等财政货币手段对提升正规金融机构服务小微的意愿和能力非常有针对性，效果值得期待。提出的激励政策有：一是定向宽松激励。此次降准包括面向主要服务小微企业邮储银行、城商行、非县域农商行、外资银行降准0.5个百分点，可释放资金约2000亿元，主要用于支持相关银行开拓小微企业市场，发放小微企业贷款。还有增加支小支农再贷款和再贴现额度共1500亿元，将单户授信500万元及以下的小微企业贷款纳入中期借贷便利(MLF)的合格抵押品范围。二是定向降息激励。下调支小再贷款利率0.5个百分点。三是盘活存量激励。支持银行业金融机构发行小微企业贷款资产支持证券，可盘活信贷资源1000亿元以上。四是财税政策激励。从2018年9月1日至2020年底，将符合条件的小微企业和个体工商户贷款利息收入免征增值税单户授信额度上限，由100万元提高到500万元。除“正向激励”发挥“拉”的作用外，《意见》也提出一系列“考核约束”以起到“推”的作用。考核手段主要有：银行小微企业贷款同比增速和有贷款余额的户数要实现“两个高于”、加强贷款成本和贷款投放监测考核、改进信贷政策导向评估、加强对国家融资担保基金支持的融资担保公司监管等。在既“拉”又“推”的联合作用下，正规金融体系服务小微企业的意愿和资金供给能力都将得到有效提高。三、加强金融和信用体系建设，为社会资金更多流向小微企业创造条件解决小微企业融资问题需要采取一些短期扶持政策，但从长远发展着眼，更要通过健全金融体系来建立长效机制。《意见》针对服务小微企业的金融体系构建提出两方面内容：一是从资本市场入手，发展天使投资、创业投资及其退出机制，发展新三板市场、区域性股权市场等直接面向小微企业的股权融资。二是从银行体系入手，要求大型银行建设普惠金融事业部并向基层延伸服务机构网点，推进民营银行常态化设立等。良好的社会信用体系对金融体系的正常运行发挥着至关重要的作用。信用体系建设也是缓解小微企业融资难融资贵的重要措施。小微企业信用好，融资门槛才能降。为此，《意见》要求引导小微企业守法诚信经营，提升自身信用水平，推动建立联合激励和惩戒机制。近年来，国家发改委一直积极推动社会信用体系建设。按照《意见》要求，将进一步发挥信用建设支撑和保障小微企业金融服务的作用。一是强化对相关失信主体建立联合惩戒机制。要对金融机构和小微企业等有关主体落实优惠政策的具体实施行为加强事中事后监管，对发现存在内外勾结、弄虚作假、骗贷骗补等违法违规行为的建立信用记录，并采取多领域的联合惩戒措施，提升违规操作的失信成本，促进各项政策有序实施、规范落地。二是加强信用信息归集共享。目前，全国信用信息共享平台已归集各类信用信息超过225亿条，并正在加快归集有关部门和单位掌握的与融资信贷密切相关的信用信息，将依法依规与金融机构共享共用，降低信息不对称，为反映小微企业履约意愿和履约能力提供信息支撑。三是“信易+”守信激励创新行动全面启动。“信易+”系列守信激励项目的重要内容之一为“信易贷”，即在依托各级平台加强信用信息共享共用的基础上，建立综合信用评价体系，对信用状况良好的小微企业提供更便捷的融资服务通道和更优惠的信贷利率等，推进“信用有价”在融资授信环节有效落地。信用信息的归集整合共享和信用联合奖惩机制的建立，有利于银行、天使投资和创业投资进一步了解小微企业信用水平，从而放心贷、放心投；同时有利于降低小微企业借贷的市场交易成本，从而降低小微企业资金成本中的风险溢价。(国家信息中心预测部李若愚),20180629,29,06,"[]",多管齐下 小微企业融资逢政策甘霖,2018
第十三届全国人大常委会第三次会议对《中华人民共和国个人所得税法修正案(草案)》进行了审议。现将《中华人民共和国个人所得税法修正案(草案)》在中国人大网公布，社会公众可以直接登录中国人大网(www.npc.gov.cn)提出意见，也可以将意见寄送全国人大常委会法制工作委员会(北京市西城区前门西大街1号，邮编：100805。信封上请注明个人所得税法修正案草案征求意见)。征求意见截止日期：2018年7月28日。,20180629,29,06,"[]",个人所得税法修正案（草案）征求意见,2018
国务院台湾事务办公室27日在京举行例行新闻发布会。发言人马晓光应询介绍，“31条惠台措施”发布实施以来，各地各部门一直在紧锣密鼓加紧推动落实，很多省市因地制宜出台落地细则，包括上海市的55条、福建省的66条、厦门市的60条等，其中不少措施已经产生实效。马晓光介绍，6月19日，宁波市发布实施《关于进一步深化甬台经济社会文化交流合作的若干措施》，包括支持台胞投资、促进与台贸易及社会文化交流合作、便利台胞在当地学习实习就业创业以及居住生活等方面，共80条具体措施。在进一步推进落实台胞享受同等待遇方面，中国电视艺术家协会14日宣布，今年第29届中国电视金鹰奖将台湾地区演员纳入观众喜爱的男、女演员奖评选范围，与大陆演员具有同等参评资格。全国哲学社会科学规划办公室21日公布了2018年国家社科基金年度项目和青年项目立项结果。在大陆工作的符合申报条件的台湾研究人员申报课题157项，经评审立项58项。在为台胞提供更多就职就业岗位方面，福建省台办、教育厅、中国海峡人才市场15日联合举办福建省台湾教师专场对接会。65所在闽高校发布引进台湾教师岗位需求536个，现场洽谈台湾博士337人次，收到求职简历260份。,20180628,28,06,"[]",“31条惠台措施”已经产生实效,2018
月入1万少缴75%！还有3个月就要少交个税了一张图看懂每月省下多少钱？备受社会关注的个人所得税法修正案(草案)6月29日向全社会公开征求意见。根据草案，修正案自2019年1月1日起施行，而工资、薪金收入5000元“起征点”有望自今年10月1日至12月31日的过渡期内率先开始实施。《草案》还给出了“起征点”上调后的新版税率表。过渡期内，个人所得税税率也将按照新的税率表执行。(中国基金报)备受社会关注的个人所得税法修正案(草案)6月29日向全社会公开征求意见。根据草案，修正案自2019年1月1日起施行，而工资、薪金收入5000元“起征点”有望自今年10月1日至12月31日的过渡期内率先开始实施。《草案》还给出了“起征点”上调后的新版税率表。过渡期内，个人所得税税率也将按照新的税率表执行。本表所称全年应纳税所得额是指依照本法第六条的规定，居民个人取得综合所得以每一纳税年度收入额减除费用六万元以及专项扣除、专项附加扣除和依法确定的其他扣除后的余额。“起征点”上调，税率结构优化调整，一系列改革动作后，你每月会少缴纳多少钱？一张图看懂↓“单身人士要缴纳更多个税”这是真的吗？近日“单身税”上微博热搜很多网友表示伤不起！！单身已经很惨了为什么要交税？如此催生的一个段子就是：你好，我有个税想和你一起免一下。我们来看看政策，划重点：子女教育、住房贷款等项目，个税草案明确规定增加专项附加扣除，也就是说那些上有老、下有小的家庭可以免除部分扣税！说得再直白点就是已婚者多享受点补贴、少缴点税而单身们则一分都不能少！据民政部数据2018年第一季度全国结婚登记301.7万对同比减少5.7%其中涉外及港澳台10162对2018年第一季度结婚人数比5年前下降近三成数据：民政部(中商产业研究院整理)比“单身税”更扎心的是，目前国家虽然没有设立“单身税”，但是国家“逼婚”套路比“单身税”更扎心，比如开始试点婚姻消费补贴。“全国婚补基金太原试点成果大会暨山西省2018婚补基金启动仪式”在太原举行。这也标志着山西省将全面启动婚姻消费补贴制度。据估计，山西省2018年补贴金额将高达9500万元。相关报道个税法修正案草案征求意见7档税率级差首次明确月入1万少缴75%！还有3个月就要少交个税了一张图看懂每月省下多少钱？官媒评论新华社聚焦个税法修正案草案：为百姓减负促社会公平,20180701,01,07,"[]",月入1万少缴75%！还有3个月将实施 一张图看懂每月省下多少钱？,2018
中国人民银行研究局局长徐忠29日在“2018IIF中国金融峰会”上表示，当前中国经济的潜力大、韧性强、内需足的基本态势没有改变，应对外部不确定性的挑战应推动国内关键领域改革，特别是财税体制改革。徐忠认为，当前我国经济的基本面良好，经济增长保持韧性，总供求总体平衡。他表示，去杠杆进展顺利，杠杆压力主要在政府及相关部门，总体风险可控。“单从数字看，非金融企业部门的杠杆较高，但实际上，大量非金融企业的债务是地方政府融资平台或国有企业的债务。我国政府部门，尤其地方政府拥有国有企业的股权、土地等大量资产，偿债能力较为充分。”“尽管目前去杠杆过程中一些金融风险正常暴露，但重要性金融机构仍保持稳健。”徐忠表示，剔除地方政府融资平台和国有企业的非金融企业杠杆率逐渐下降，前段时期居民部门杠杆率上升较快的势头得到了初步遏制，总体来看风险可控。,20180630,30,06,"[""银行""]",徐忠：去杠杆进展顺利,2018
"浙江：电力供需紧平衡多措并举助力迎峰度夏从国网浙江省电力有限公司2018年迎峰度夏新闻发布会上了解到，预计今夏浙江全省调度最大用电负荷将达到7600万千瓦，同比增长8.8%。今年以来，浙江全省用电继续保持较快增长态势。15月份，全省全社会用电量为1704.2亿千瓦时，同比增长10.62%。面对存在缺口的可能，国网浙江电力调度控制中心副主任朱炳铨表示，将做好负荷预测工作,统筹安排电网运行方式；优化水电、天然气和燃油机组顶峰发电方式，最大限度地发挥省内机组的发电能力；同时，加强沟通汇报，提前落实有序用电方案。记者29日从国网浙江省电力有限公司2018年迎峰度夏新闻发布会上了解到，预计今夏浙江全省调度最大用电负荷将达到7600万千瓦，同比增长8.8%。国网浙江电力副总经理吴国诚在会上表示，今夏电力供需处于紧平衡状态，若遇极端天气等情况，部分时间则存在用电缺口可能。今年以来，浙江全省用电继续保持较快增长态势。15月份，全省全社会用电量为1704.2亿千瓦时，同比增长10.62%。面对存在缺口的可能，国网浙江电力调度控制中心副主任朱炳铨表示，将做好负荷预测工作，统筹安排电网运行方式；优化水电、天然气和燃油机组顶峰发电方式，最大限度地发挥省内机组的发电能力；同时，加强沟通汇报，提前落实有序用电方案。据了解，国网浙江电力还将采取多种措施，让居民在夏日办电“最多跑一次”甚至是“足不出户”。例如在杭州、绍兴、衢州、温州试点应用的“一证通办”模式将在全省推广。该模式仅需提供居民身份证就可办理新装、变更等9项用电业务，单笔业务办理可缩短3至5分钟。此外，还拓展第三方服务渠道，与社会化服务网点开展合作，实现线上线下资源利用最大化，方便客户就近办电。",20180630,30,06,"[]",新华社：浙江电力供需紧平衡 多措并举助力迎峰度夏,2018
据国家统计局30日消息，2018年6月30日国家统计局服务业调查中心和中国物流与采购联合会发布了中国采购经理指数。对此，国家统计局服务业调查中心高级统计师赵庆河进行了解读。一、制造业采购经理指数持续在扩张区间运行今年以来，制造业PMI均在50.0%以上的景气区间运行，上半年均值为51.3%，本月制造业PMI为51.5%，比上月回落0.4个百分点，仍高于上半年均值0.2个百分点，制造业总体保持扩张。本月主要特点：一是制造业基本面总体向好。在调查的21个行业中，15个行业的PMI位于扩张区间，其中医药制造业、专用设备制造业、计算机通信电子设备及仪器仪表制造业PMI均位于54.0%以上的较高景气区间，保持较快增长。二是生产和需求总体稳步增长。生产指数和新订单指数分别为53.6%和53.2%，虽低于上月0.5和0.6个百分点，但仍高于上半年均值0.6和0.4个百分点，市场供需持续扩张。三是进出口景气度有所回落。新出口订单指数为49.8%，比上月下降1.4个百分点。进口指数为50.0%，低于上月0.9个百分点，制造业进出口总体有所放缓。四是价格指数继续上行。主要原材料购进价格指数为57.7%，高于上月1.0个百分点，连续两个月上升；出厂价格指数为53.3%，比上月上升0.1个百分点，为今年高点。其中黑色金属冶炼及压延加工业的主要原材料购进价格指数和出厂价格指数均升至70.0%以上，涨幅有所扩大。从企业规模看，大型企业PMI为52.9%，比上月回落0.2个百分点，仍为年内次高点，也是制造业保持稳步扩张的主要支撑；中型企业PMI为49.9%，比上月下降1.1个百分点；小型企业PMI为49.8%，比上月回升0.2个百分点。二、非制造业商务活动指数持续上升6月份，非制造业商务活动指数为55.0%，环比上升0.1个百分点，高于上半年均值0.2个百分点，该指数连续四个月稳步上升，表明今年以来非制造业总体上保持平稳向好发展势头。服务业保持较高景气水平。服务业商务活动指数为54.0%，与上月持平，高于上半年均值0.1个百分点，服务业继续保持较快增长态势。从行业看，铁路运输、航空运输、电信、银行等行业商务活动指数均位于60.0%以上的高位景气区间，实现快速增长。道路运输、证券、居民服务等行业的商务活动指数低于临界点，业务总量有所回落。从市场预期看，业务活动预期指数为60.3%，与上月持平。全部调查行业的业务活动预期指数均位于景气区间，表明服务业企业对未来市场发展预期普遍持积极乐观态度。建筑业扩张加快。今年以来建筑业保持快速增长，本月商务活动指数为60.7%，升至年内高点，且高于上半年均值0.7个百分点，其中房屋建筑业商务活动指数连续四个月上升，达到68.0%的较高水平。从价格看，在市场活跃度增强的驱动下，建筑业投入品价格指数和销售价格指数为61.7%和54.4%，分别比上月上升2.3和1.6个百分点，均为年内高点。三、综合PMI产出指数平稳扩张6月份，综合PMI产出指数为54.4%，低于上月0.2个百分点，但高于上半年均值0.3个百分点，处于较高扩张区间，表明我国企业当期生产经营活动总体延续平稳较快的扩张态势。其中，构成综合PMI产出指数的制造业生产指数和非制造业商务活动指数分别为53.6%和55.0%，环比一落一升。,20180630,30,06,"[""医药制造"",""专用设备"",""仪器仪表"",""银行""]",2018年6月中国制造业采购经理指数和非制造业商务活动指数走势总体平稳,2018
为贯彻落实《广东省降低制造业企业成本支持实体经济发展若干政策措施》(“实体经济十条”)要求，优化营商环境，支持实体经济发展，广东省人民政府在2017年起分三年逐步降低城镇土地使用税适用税额标准，全省税额标准由130元/平方米下调至115元/平方米，其中广州、深圳市由330元/平方米下调至315元/平方米，佛山、东莞、中山、珠海、江门、惠州、肇庆市由2.515元/平方米下调至210元/平方米，粤东西北12市由118元/平方米下调至18元/平方米。工业用地税额标准为上述税额标准的50%左右。近日本报记者从国家税务总局广东省税务局获悉，截止目前，该项政策已累计为全省50万户纳税人(含深圳)减税近40亿元，减税成效显著。广东东电化广晟稀土高新材料有限公司是梅州市的一家中小型高新技术企业，该企业法人代表黑先生最近收到一条短信：“为优化营商环境，支持实体经济发展，落实广东省政府”实体经济十条“政策措施，省政府从2017年起降低了城镇土地使用税税额。广东东电化广晟稀土高新材料有限公司已缴纳了2017年城镇土地使用税8.8万元，相比2016年减税17.6万元，减幅达到67%。”黑先生高兴地表示，政府“实实在在”为企业减负，降低企业用地成本，对中小型企业生产经营帮助很大！一条短信，让企业“明明白白”享受减税。便民服务很赞！这样的企业还有很多，他们都获得了政府助推实体经济发展税收政策红利，感受强烈。位于清远的广东佳纳能源科技有限公司是广东省制造业100强企业，也是中国领先的钴盐及三元前驱体制造商之一。降低城镇土地使用税税额标准后，该公司缴纳的2017年城镇土地使用税较2016年减少66.3万元，减幅达75%；揭阳白云山威灵药业有限公司作为中国最大的口服青霉素制剂生产基地之一，缴纳2017年城镇土地使用税24.8万元，较2016年减少19.9万元，降幅达到45%；河源龙记金属制品有限公司是一家生产设计销售精密型腔模、模具标准件的制造业企业，缴纳2017年城镇土地使用税108万元，较2016年减少72万元，降幅达40%。国家税务总局广东省税务局表示，税务部门将进一步通过微信、网站、办税服务厅、传统媒体等渠道，加强“实体经济十条”税收政策的宣传辅导工作，让纳税人知悉税收优惠政策，会用税收优惠政策。,20180630,30,06,"[""白云山"",""金属制品""]",降低城镇土地使用税适用税额标准 为广东50万户纳税人减税40亿元,2018
外汇局消息，截至2018年3月末，我国全口径（含本外币）外债余额为115921亿元人民币（等值18435亿美元）。（证券时报）外汇局消息，截至2018年3月末，我国全口径(含本外币)外债余额为115921亿元人民币(等值18435亿美元)。,20180629,29,06,"[]",外汇局：3月末我国全口径外债余额18435亿美元,2018
《新能源汽车动力蓄电池回收利用管理暂行办法》将从今年8月1日起施行，目前汽车生产商、动力电池生产商均在回收利用行业抓紧布局。机构预计，废旧动力电池回收市场将在2018年开始爆发，当年规模可达50亿元。当风口到来之时，行业真的准备好了吗？价高者得难入正轨回收渠道“对于资本市场而言，如果说新能源汽车领域2017年的主题词是‘盐湖提锂’，2018年的主题词就是‘动力电池回收’。”一业内人士向中国证券报记者说道。2018年，我国正迎来第一个动力电池报废高峰期。根据中国电池联盟数据，预计2018年理论退役动力电池为5.14GWh，到2023年理论退役动力电池将达到48.09Gwh。这些废旧动力电池如果处置不当，不仅存在巨大的环境与安全隐患，还会造成宝贵资源的浪费。春江水暖鸭先知，产业资本嗅到了商机。国内相关机构预测，废旧动力电池所创造的回收市场规模在2018年可达50亿元。2020年2023年将达到65亿元150亿元。电池联盟数据显示，2018年动力电池回收企业数量快速增加，截至2018年3月已有400余家，仅2018年第一季度新增动力电池企业数量就与2016年全年数量相同。市场刚需逐渐加大，国家政策也打出“组合拳”，加强对废旧动力电池的综合管理。今年年初，七部委联合发布了《新能源汽车动力蓄电池回收利用管理暂行办法》，强调落实生产者责任延伸制度，要求汽车生产企业承担动力蓄电池回收的主体责任，该办法将从今年8月1日起施行。业内预测，随着相关技术的不断突破，政策发布速度将加快，相关细化标准也将陆续发布。然而，现实中动力电池回收渠道建设并不乐观。中国再生资源回收利用协会报废车分会秘书长张莹告诉中国证券报记者，新能源汽车电池回收刚刚起步，许多报废电池并未进入正规渠道，市场缺少规范。由于行业处在野蛮生长期，大量车企实行价高者得，造成大部分废旧动力电池未能流入合法处理渠道，实际处理方式令人堪忧。“最近两年，我们与很多车厂签了协议，发现协议签完以后，电池不在他们手上。报废汽车和车厂的距离很远，拆下来以后如何顺利回到车厂，这是亟需讨论的问题。”华友循环副总经理高威桥指出，如何建立回收网络是回收业务的核心问题，只有规模效应上来了，企业的现金流、原料供应体系和产品输出体系方可稳定。梯次利用不规范导致良莠不分动力电池回收可根据报废程度分梯次利用和再生利用。梯次利用属于轻度报废，可以通过应用在储能设备和低速电动车上，进行二次利用。而经过梯次利用使用后达到二次报废程度的电池，将进入到再生利用环节。再生利用属于重度报废，通过化学方法提取锂、钴等贵金属电极材料，达到材料再制造的目的。目前，多家自主品牌车企布局梯次利用。比亚迪、北汽新能源、知豆等车企均在梯次利用领域展开了布局。值得注意的是，与自主品牌积极开展梯次利用不同的是，合资品牌更倾向于“跳过”梯次利用，直接进入再生利用环节。邦普作为宁德时代控股子公司，承接了大部分宁德时代搭载在某德系新能源汽车上的动力电池回收工作。湖南邦普汽车循环公司总经理余海军在接受中国证券报记者采访时表示，自主品牌对于梯级利用非常积极，但大多数合资品牌车企其实并不同意授权做梯级利用。因为电池的梯次利用本质上仍是电池产品的加工，应按照电池的加工制造行业要求和标准，做到对原料质量、过程品控、产品认证和售后质保等一系列生产制造环节的把关。但目前所谓梯级利用市场还不具备对原料的检测标准、寿命预测技术、产品认证缺失，并且不承担再回收质保等。此外，梯次利用的难点在于，由于每一家厂商电池的品种，性能、规格、承阻方式完全不同，经过重新再匹配，电池一致性问题无法得到解决。高威桥告诉中国证券报记者，因为规模小、回收渠道不健全，导致原材料回收定价不稳定，一些企业投资后发现合作企业存在不规范之处。“有资质的人在搞，没资质的人也在搞。”多家有梯次利用回收业务的企业向中国证券报记者坦言，如果考虑上技术、安全，按照正常的电池生产制造流程，梯次利用业务目前处于亏损阶段。有不愿具名的行业人士向中国证券报记者指出，梯次利用电池在储能领域的平均寿命为9年，到第6年可实现盈利。但如果通过暴力的简易组装，许多不规范的梯次利用企业将可在短期内获得大量收益。例如，目前国内很多退役电池通过不规范渠道在低速电动车、充电宝等应用场景上已大量获利，“低速电动车消化了一半以上的废旧电池，滋生了山东、安徽等低速电动车大省灰色地带的存在。”上述不愿具名的行业人士表示，“一些充电宝于二手废旧电池，甚至一些生了锈的电池可以通过简单处理后打上漂亮包装依然畅销，这是许多不规范梯次利用的现状。”“目前来看，做梯次利用基本是轻资产，做再生利用全是重资产。很多新进企业做梯次利用还是再生利用没有考虑清楚，具体的技术路线和商业模式也没弄透。”余海军认为，“梯级利用并不是简易的二次倒买倒卖。如果把生命周期、排放、能耗成本算进来，只要技术进步，新品单价会继续一路走低。在资源价格上涨，新品单价下跌的趋势下，再生利用的总成本优势和规模经济效应将变得更为明显。”“目前讨论的都是58年以后的事情，随着电池成本的快速下降，整车厂更愿意买新电池，到时候梯次利用也许就不复存在。”高威桥说。成本居高不下回收体系需完善中国汽车技术研究中心汽车产业政策研究室副主任黎宇科对中国证券报记者表示，制约动力电池回收发展最主要的因素在于市场存量目前还不够大、回收流向太分散、没有形成规模处理，导致综合成本居高不下。从目前情况看，回收处理电池成本主要包括专业评估、专业包装、专业仓储运输、环保治理、技术设备开发、人工税费、折旧分摊等方面。此外，存储、流通环节不够通畅，回收体系仍需完善。目前，动力电池回收格局雏形已经初现，大致可以分为以金川、杉杉股份、华友钴业、赣锋锂业为代表的锂电材料系，以比亚迪、北汽新能源、知豆为代表的整车系和以邦普、格林美为代表的第三方回收系。“掌握电池PACK包的企业因为处在核心检测环节，可以获得电池的历史数据，对电池寿命做准确预测，从而控制成本。”中国电池联盟研究部主任杨清雨向中国证券报记者分析，车企愿意向产业链上游再走一步——设立PACK厂。PACK厂可以通过新能源汽车销售渠道回收电池，将电池进行检测、筛选。可以梯次利用的电池进行再成组，无法进行梯次利用的电池则委托回收利用企业处理。因此多数整车厂更愿意选择梯次利用，但这种模式的弊端则是渠道比较单一。为了适应政策对电池高能量密度的要求，动力电池技术路线正在快速从磷酸铁锂向三元材料转化。国家863计划节能与新能源汽车重大项目总体专家组专家肖成伟预计，2018年三元材料电池的生产量将首次超过磷酸铁锂电池的生产量。相比磷酸铁锂，三元材料中主要金属镍、钴、锰的含量分别占12%、3%及5%，金属总含量高达47%，具有较高的回收再利用价值。因此，废旧三元电池资源化回收利用商业盈利模式基本成熟。上述不愿具名的行业人士称，根据目前价格测算，动力电池中三元电池的回收成本在2.8万元/吨基本可以实现盈利；而磷酸铁锂的回收成本为0.5万元/吨，目前企业大多亏损。与三元电池回收成熟的商业盈利模式不同，磷酸铁锂电池回收的经济性是困扰企业最大的问题。对此，赣锋循环科技有限公司总经理谢绍忠对中国证券报记者表示：“现在‘吃不饱’是整个行业现状。目前行业里的磷酸铁锂电池百分之六七十都在赣锋锂业，但我们仍然只是吃得半饱。因为马上要报废最多的就是磷酸铁锂电池，规模化成为能否提高经济性的重要因素。如果大家都做的话，是没有量的，这是现阶段存在的问题。”“从国内电池的发展路径看，磷酸铁锂电池应用较早，技术相对更成熟，广泛应用于商用车。但电池损耗相对更快，故报废时间相对于三元电池更靠前。目前磷酸铁锂和锰酸锂的回收迫切需要补贴等政策，以促进行业发展。”黎宇科表示。,20180630,30,06,"[""格林美"",""杉杉股份"",""宁德时代"",""赣锋锂业"",""比亚迪"",""华友钴业"",""贵金属""]",动力电池“退役潮”袭来 谁来破解回收之痛？,2018
财政部、国家税务总局、科技部日前发布《企业委托境外研究开发费用税前加计扣除有关政策问题的通知》称，委托境外进行研发活动所发生的费用，按照费用实际发生额的80%计入委托方的委托境外研发费用。委托境外研发费用不超过境内符合条件的研发费用三分之二的部分，可以按规定在企业所得税前加计扣除。上述费用实际发生额应按照独立交易原则确定。委托方与受托方存在关联关系的，受托方应向委托方提供研发项目费用支出明细情况。《通知》自2018年1月1日起执行。,20180628,28,06,"[]",三部门明确企业委托境外研发费用税前加计扣除政策,2018
6月29日，宁波市区挂牌出让8宗商住地，总出让面积836.6亩，总建筑面积89.4万平方米，总起价65.5亿元。截止挂牌出让时间为7月底。据观点地产新媒体查阅资料获悉，其中4宗地位于北仓区，另外4宗位于勤州区。北仑区CX04010301地块，位于北仑春晓朝海路南、圣山路东。容积率1.5，建筑密度不大于35%，绿地率不小于30%，建筑高度1570米。起价3.25亿元，起始楼面价5720元/平方米，最高限价6.5亿元。北仑区CX040105地块，位于北仑春晓朝海路南、圣山路东。容积率1.5，建筑面积13万平方米，建筑密度不大于35%，绿地率不小于30%，建筑高度1570米。起价7.2亿元，起始楼面价5420元/平方米，最高限价24.5亿元。北仑区BLXB030302b地块，位于北仑小港季景路南、香山路西。容积率1.6，建筑密度不大于30%，绿地率不小于30%，建筑高度1860米。起价4.4亿元，起始楼面价6650元/平方米，最高限价8.8亿元。北仑区CX0901a地块，位于北仑春晓乐海路南、明月路东。容积率2.0，建筑密度不大于35%，绿地率不小于30%，建筑高度1570米。起价9.8亿元，起始楼面价4650元/平方米，最高限价19.6亿元。鄞州区191a2#1(东钱湖)地块，位于东钱湖白石仙枰片区，城市支路莫古路以西，规划道路以北，白石山东南侧。容积率1.01，建筑密度不大于30%，绿地率不小于30%，建筑限高24米。起价16.4亿，起始楼面价1.08万元/平方米，最高限价31.5亿元。鄞州东南智慧产业园1号地块，位于鄞州区下应街道，东至地块界线，南至萱荫路，南至西至下应南路，北至醉经路。容积率1.02.2，建筑密度不大于35%，绿地率不小于30%，建筑限高80米。起价14.6亿，起始楼面价1.4万元/平方米，最高限价21.8亿元。鄞州东南智慧产业园5号地块，位于鄞州区下应街道，东至金达路，南至萱荫路，西至西至寒松路，北至醉经路。容积率1.02.2，建筑密度不大于35%，绿地率不小于30%，建筑限高80米。起价7.5亿，起始楼面价9150元/平方米，最高限价15亿元。鄞州区XX0105e2、XX0105e4商住地块(咸祥镇西宅3号商住地块)，位于鄞州区咸祥镇，东至咸祥中路，南至纬八路，西至规划道路，北至S310省道。容积率1.01.8，建筑密度不大于30%，绿地率不小于30%，建筑限高60米。起价2.27亿元，起始楼面价2600元/平方米，最高限价4.5亿元。,20180701,01,07,"[]",宁波挂牌出让8宗商住地 最高限价31.5亿元,2018
6月28日，跨月的7天期资金仍偏紧，但隔夜资金近乎泛滥，资金面呈现“冰火两重天”。市场人士表示，季末流动性分层现象加重，非银机构融资压力边际推高跨季资金价格，但从短端和长端品种走势上看，资金面总体平稳，下月初回暖可期。7天期资金紧俏临近半年末，市场资金面波动有所加大，6月28日，货币市场利率涨跌互现，部分期限品种上涨较为明显。Shibor方面，1周和2周期Shibor分别上涨0.7BP和1.8BP，前者为连续第4日上涨，后者则已连涨8日。回购利率方面，银行间市场存款类机构交易中，7天回购利率涨2BP至2.89%，21天、2个月期回购利率也双双走高，前者加权品种利率上涨16BP至4.6%，后者上涨6BP至4.55%。每逢季末，交易所回购利率的弹性总能得到展现，这一次也不例外。28日，上交所7天及以内各期限债券质押式回购利率纷纷大涨，隔夜回购利率盘中最高涨至12.4%，收盘报9.495%，较上一日上行446BP；2天、3天、4天期回购利率收盘时皆高于9%，较前收盘价上行逾200BP，盘中均一度超过10%；7天期回购利率上行35BP至6.82%。据交易员反映，临近半年末，以7天期为代表的跨月资金偏紧，中小行、非银机构奋力融入，但大行融出有限，价格走高。事实上，自5月中旬以来，跨月资金价格就一直处在高位，只是融入的主要品种从21天、14天逐渐转向了7天。当前7天期资金是机构交易的重点，14天、21天等更长期限的资金价格已开始回落。松紧特征并存分析人士称，年末、半年末，资金面出现一定波动在所难免。这种波动往往是结构性的，即便流动性总量充裕，也难保不发生局部波动。当前货币市场松、紧并存，结构性紧张的特征就很明显。一方面，跨季资金供求确实出现了一定紧张，尤其是非银机构压力相对较大，这主要是因为季末受制于诸多监管指标的限制，银行向非银机构出借跨月资金的意愿下降，而非银机构、中小机构迫于压力只能高价借钱，在边际上容易推高货币市场利率。同时，由于在银行间市场难融到资金，非银机构纷纷转战场内市场，加剧了交易所短时的资金供求矛盾，导致场内市场货币市场利率大幅上涨。另一方面，当前流动性总量并不低，部分期限的资金甚至很充裕，典型的是隔夜资金，供给充裕，有需求的机构早早就能借平，融出机构只能“降价甩货”。另外，在7天充当跨月主力之后，市场对14天、21天、1个月等更长期限的资金需求大降，利率已开始回落。这说明，目前货币市场的矛盾，主要是跨月资金供求矛盾，资金紧张限于局部，总体上问题不大，市场对未来流动性预期也普遍乐观，前者反映在隔夜资金充裕上，后者体现在长期限资金利率回落上。进一步看，虽然最近7天等部分期限资金利率上涨较多，但与之前几个月末、半年末相比，绝对利率还有差距，紧张程度有限。在去年年末和今年一季度末，上交所隔夜回购利率GC001最高时曾分别涨到24%和22%。前述交易员就表示，目前资金面总体还是偏松的。跨月之后，7月初随着季末考核影响消退，同时定向降准实施，预计资金面将迎来更明显改善。,20180629,29,06,"[""银行""]",半年末资金面“冰火两重天” 7天期资金紧俏,2018
国家发改委6月28日就2018年版外商投资准入特别管理措施(负面清单)答记者问时表示，2018年版负面清单，列出了汽车、金融领域对外开放路线图时间表，逐步加大开放力度，给予相关行业一定过渡期，增强开放的可预期性。金融领域，取消银行业外资股比限制，将证券公司、基金管理公司、期货公司、寿险公司的外资股比放宽至51%，2021年取消金融领域所有外资股比限制。2018年版负面清单，大幅度放宽市场准入，主要开放措施包括：一是大幅扩大服务业开放；二是基本放开制造业；三是放宽农业和能源资源领域准入。以更大力度推进对外开放——国家发展改革委有关负责人就2018年版外商投资准入特别管理措施(负面清单)答记者问2018年6月28日，国家发展改革委、商务部发布了《外商投资准入特别管理措施(负面清单)(2018年版)》(2018年版负面清单)。为了解2018年版负面清单有关情况，针对各界关注的问题，记者采访了国家发展改革委有关负责人。问：各界都很关注2018年版负面清单，请介绍一下有关背景情况。答：党中央、国务院高度重视扩大对外开放工作。近年来，我国不断加快开放步伐，已经将外商投资准入限制措施减少近三分之二，开放的大门越开越大。对外商投资审批制度进行了重大改革，实行负面清单管理新模式，负面清单之外的领域基本实行备案管理。出台了一系列积极吸引外资措施，构建更加完善的投资环境。根据联合国贸发会议《世界投资报告》，我国在全球最具吸引力的投资目的地排名中保持前两位，也是全球第二大引资国。当前，我国经济已由高速增长阶段转向高质量发展阶段，国际环境正在发生深刻变化，特别是贸易保护主义抬头。面对新形势新任务新要求，需要我们以更大力度推进开放，以开放促改革、促发展、促创新，推进经济全球化深入发展。党的十九大提出，要推动形成全面开放新格局，实行高水平的贸易和投资自由化便利化政策，全面实行准入前国民待遇加负面清单管理制度。习近平总书记在博鳌亚洲论坛上指出，过去40年中国经济发展是在开放条件下取得的，未来中国经济实现高质量发展也必须在更加开放条件下进行，中国将采取对外开放重大举措，大幅度放宽市场准入，上半年完成负面清单修订。为贯彻落实习近平总书记在博鳌论坛上重要讲话精神和党中央、国务院决策部署，国家发展改革委、商务部发布了2018年版负面清单，进一步推动新一轮对外开放。问：2018年版负面清单的主要特点是什么？有哪些考虑？答：今年是改革开放40周年。修订负面清单，总的原则是以更大力度推进对外开放，不仅是清单长度要缩短，更重要的是推动重点领域开放，推出有标志意义的举措。2018年版负面清单的主要特点：一是全方位推进开放。一、二、三产业全面放宽市场准入，涉及金融、交通运输、商贸流通、专业服务、制造、基础设施、能源、资源、农业等各领域，共22项开放措施。二是大幅精简负面清单。2018年版负面清单保留48条特别管理措施，比2017年版63条减少了15条。清单条目少了，相应地将进一步缩小外商投资审批范围。三是对部分领域开放作出整体安排。2018年版负面清单，列出了汽车、金融领域对外开放路线图时间表，逐步加大开放力度，给予相关行业一定过渡期，增强开放的可预期性。我国经济发展是主动融入经济全球化的过程，是不断扩大开放的过程，随着产业环境、政策环境、法制环境更加完善，已经具备更高水平开放的基础。通过新的开放措施，将进一步深化我国同其他国家和地区间的投资合作，开展更广泛的资本、技术、管理、人才交流，从而在更大范围实现互利共赢。我顺应时代潮流主动扩大开放，既有利于自身，也有利于全球，希望与世界各国共同努力，为推动经济全球化创造更加有利的环境。问：2018年版负面清单主要开放措施有哪些？答：2018年版负面清单，大幅度放宽市场准入，主要开放措施包括：一是大幅扩大服务业开放。我国服务业快速发展，新业态新模式竞相涌现，但发展水平、市场机制、服务供给有待提升。本次修订外商投资准入负面清单，服务业开放是重点。金融领域，取消银行业外资股比限制，将证券公司、基金管理公司、期货公司、寿险公司的外资股比放宽至51%，2021年取消金融领域所有外资股比限制。基础设施领域，取消铁路干线路网、电网外资限制。交通运输领域，取消铁路旅客运输公司、国际海上运输、国际船舶代理外资限制。商贸流通领域，取消加油站、粮食收购批发外资限制。文化领域，取消禁止投资互联网上网服务营业场所的规定。二是基本放开制造业。制造业是我国开放最早的领域，也是市场竞争最充分的领域，为进一步开放奠定了良好基础。2018年版负面清单，基本放开了制造业。汽车行业取消专用车、新能源汽车外资股比限制，2020年取消商用车外资股比限制，2022年取消乘用车外资股比限制以及合资企业不超过两家的限制。船舶行业取消外资限制，包括设计、制造、修理各环节。飞机行业取消外资限制，包括干线飞机、支线飞机、通用飞机、直升机、无人机、浮空器等各类型。三是放宽农业和能源资源领域准入。农业领域，取消小麦、玉米之外农作物种子生产外资限制。能源领域，取消特殊稀缺煤类开采外资限制。资源领域，取消石墨开采、稀土冶炼分离、钨冶炼外资限制。问：请介绍一下落实负面清单的具体管理要求。答：参照国际标准，2018年版负面清单以统一、透明的方式列明了股权要求、高管要求等特别管理措施。作为对外商投资实行准入前国民待遇加负面清单管理制度的基本依据，负面清单之外的领域，按照内外资一致原则实施管理，不得专门针对外商投资准入进行限制。2018年版负面清单实施后，2017年6月28日发展改革委、商务部发布的《外商投资产业指导目录(2017年修订)》中的外商投资准入负面清单同时废止，鼓励外商投资产业目录继续执行。,20180629,29,06,"[""汽车行业"",""银行""]",发改委：服务业开放是重点 2021年取消金融领域外资股比限制,2018
中国人民银行日前发布《中国区域金融运行报告(2018)》。报告显示，2017年中国各地区金融运行平稳，并呈现金融业持续加大服务实体经济、信贷结构优化、去杠杆见成效、对外开放深化等特点。大力支持小微涉农2017年，中国国内生产总值同比增长6.9%，民间投资回暖，产业升级步伐加快，“一带一路”“京津冀协同发展”“长江经济带建设”三大战略区域投资协调推进。这些稳中向好的成果，与各地区金融信贷的支持密不可分。报告指出，2017年地区社会融资规模平稳增长，信贷资源配置效率进一步提升。到2017年末，全国社会融资规模存量为174.6万亿元，同比增长12.0%。2017年社会融资规模增量为19.4万亿元，比上年多1.6万亿元。同期，信贷政策的结构引导作用显现。一是小微和涉农领域贷款增长较快。东部和西部小微企业贷款余额同比分别增长14.3%和24.0%，增速较上年分别回升2.6个和1.6个百分点。东部和中部地区涉农贷款余额同比分别增长7.2%和14.8%，增速较上年分别提高5.0个和2.3个百分点。二是产能过剩行业中长期贷款余额同比下降1.7%。三是房地产贷款增长放缓。东部、中部和西部地区房地产贷款余额增速较上年分别回落9.9个、5.7个和2.9个百分点，东北地区增速低位回升。“金融对小微和涉农领域的支持是很明显的，这表明政策注重结构性导向，同时将金融防风险与服务实体经济相结合。”武汉科技大学金融证券研究所所长董登新对本报记者说，尤其值得关注的是普惠金融的发展，通过服务模式的转型让金融服务下到基层农村和社区，这是过去金融不曾有过的格局。金融去杠杆见成效四川开展金融守信红名单企业评选活动；湖北开展涉金融领域失信问题专项治理、金融案件“飓风行动”、打击“老赖”……2017年，各地区高度重视金融生态环境建设。在金融严监管系列政策举措下，金融体系内部去杠杆见成效，金融机构经营稳健性提升。2017年，东部、中部、西部和东北地区银行业总资产增速较上年分别回落0.4个、5.2个、2.7个和10.4个百分点。同时，银行合规经营意识加强，经营行为趋于理性规范，东部、中部和东北地区地方法人银行机构资本充足率分别提高0.3个、2.2个和0.2个百分点。报告指出，“资金在金融体系内部循环、多层嵌套的情况大幅减少，更多流向实体经济。”同时，银行资产质量下行压力有所缓解。2017年末，全国商业银行不良贷款率为1.74%，与上年末持平，其中中部和东部地区银行资产质量向好，不良贷款率同比分别下降0.27个和0.12个百分点。潜在信贷风险压力也有所缓解，东部、中部和西部地区关注类贷款率同比分别下降0.89个、1.23个和1.03个百分点。在董登新看来，金融规范大背景下，去杠杆覆盖整个行业，成效也是非常显著的。从银行表内表外业务的规范、到新近出台的资管新规，这都是严监管的大动作。去年广义货币M2增速明显回落，这也归功于货币政策的相对稳健和去杠杆的不断推进。对外开放稳步推进严监管的同时，金融对外开放不断深化。跨境人民币业务稳步发展。2017年，全国跨境人民币收付金额合计9.2万亿元，各地区积极推进人民币跨境贸易投资运用。例如，新疆已实现人民币对哈萨克斯坦坚戈、巴基斯坦卢比和塔吉克斯坦索莫尼直接挂牌交易。自贸区金融改革向纵深推进。例如，辽宁、湖北、四川、陕西、重庆和浙江等地区依托已有试点经验，积极探索跨境电子商务、智能制造、融资租赁等发展路径。广东自由贸易试验区为企业提供“利率互换+期权组合+差额清算业务”衍生工具综合服务，满足“走出去”企业境外融资的套期保值需求等。报告也指出，金融领域仍然存在一些深层次问题，防范化解重大风险的任务依然艰巨。未来，中国人民银行将紧紧围绕服务实体经济、防控金融风险、深化金融改革三项任务，实施好稳健中性的货币政策，保持流动性合理充裕，为供给侧结构性改革和高质量发展营造适宜的货币金融环境。“货币政策是多元综合的结果。可以看出，在前期去杠杆与防风险、兼顾服务实体经济方面，国家货币政策制定做了许多工作。但总体来说，金融最大的风险是脱实向虚，未来金融还是要服务回归实体经济的本源，紧紧围绕实体经济的发展和创新。”董登新说。(记者李婕),20180629,29,06,"[""房地产"",""地区金融"",""银行""]",中国金融运行更稳健 对外开放稳步推进,2018
发改委、商务部发布《外商投资准入特别管理措施（负面清单）》《外商投资准入特别管理措施(负面清单)(2018年版)》已经党中央、国务院同意，现予以发布，自2018年7月28日起施行。2017年6月28日国家发展和改革委员会、商务部发布的《外商投资产业指导目录(2017年修订)》中的外商投资准入特别管理措施(外商投资准入负面清单)同时废止，鼓励外商投资产业目录继续执行。中华人民共和国国家发展和改革委员会、中华人民共和国商务部令第18号《外商投资准入特别管理措施(负面清单)(2018年版)》已经党中央、国务院同意，现予以发布，自2018年7月28日起施行。2017年6月28日国家发展和改革委员会、商务部发布的《外商投资产业指导目录(2017年修订)》中的外商投资准入特别管理措施(外商投资准入负面清单)同时废止，鼓励外商投资产业目录继续执行。国家发展和改革委员会主任：何立峰商务部部长：钟山2018年6月28日外商投资准入特别管理措施(负面清单)(2018年版)说明一、《外商投资准入特别管理措施(负面清单)》(《外商投资准入负面清单》)统一列出股权要求、高管要求等外商投资准入方面的特别管理措施。《外商投资准入负面清单》之外的领域，按照内外资一致原则实施管理。二、《外商投资准入负面清单》对部分领域列出了取消或放宽准入限制的过渡期，过渡期满后将按时取消或放宽其准入限制。三、境外投资者不得作为个体工商户、个人独资企业投资人、农民专业合作社成员，从事投资经营活动。四、境外投资者不得投资《外商投资准入负面清单》中禁止外商投资的领域；投资《外商投资准入负面清单》之内的非禁止投资领域，须进行外资准入许可；投资有股权要求的领域，不得设立外商投资合伙企业。五、境内公司、企业或自然人以其在境外合法设立或控制的公司并购与其有关联关系的境内公司，涉及外商投资项目和企业设立及变更事项的，按照现行规定办理。六、《外商投资准入负面清单》中未列出的文化、金融等领域与行政审批、资质条件、国家安全等相关措施，按照现行规定执行。七、《内地与香港关于建立更紧密经贸关系的安排》及其后续协议、《内地与澳门关于建立更紧密经贸关系的安排》及其后续协议、《海峡两岸经济合作框架协议》及其后续协议、我国与有关国家签订的自由贸易区协议和投资协定、我国参加的国际条约对符合条件的投资者有更优惠开放措施的，按照相关协议或协定的规定执行。在自由贸易试验区等特殊经济区域对符合条件的投资者实施更优惠开放措施的，按照相关规定执行。八、《外商投资准入负面清单》由发展改革委、商务部会同有关部门负责解释。相关报道新华时评：负面清单越来越少开放红利越来越多负面清单再缩短重点领域更开放——新版外商投资准入负面清单释放开放新信号,20180628,28,06,"[]",两部委发布《外商投资准入特别管理措施(负面清单)》,2018
